Date,MSCI_PX_CE,MSCI_Y_ON_Y_GR_TRAIL_EPS,BEST_PE_RATIO,PX_OPEN,PX_HIGH,PX_LOW,PX_OFFICIAL_CLOSE,LISTED_SH,NUM_TRADES,TOT_SELL_REC,TOT_BUY_REC,TOT_HOLD_REC
,,,,15,17.38,15,,,,,,
2014-04-21 00:00:00,,,,16.97,16.97,16.4,,,,0,2,0
2014-04-22 00:00:00,,,,16.63,17,16.63,,,,,,
2014-04-23 00:00:00,,,,16.81,16.85,16.71,,,,,,
2014-04-24 00:00:00,,,,16.59,16.83,16.48,,,,,,
2014-04-25 00:00:00,,,,16.9,16.91,16.35,,,,,,
2014-04-28 00:00:00,,,,16.93,16.93,16.39,,,,,,
2014-04-29 00:00:00,,,,16.62,16.84,16.46,,,,,,
2014-04-30 00:00:00,,,,16.7,16.7,16.4,,,,0,4,1
2014-05-01 00:00:00,,,,16.12,17.36,16.12,,,,0,6,1
2014-05-02 00:00:00,,,,17.01,17.3,16.875,,,,0,6,2
2014-05-05 00:00:00,,,,16.93,17.26,16.54,,,,,,
2014-05-06 00:00:00,,,,16.69,16.7,16.25,,,,0,6,2
2014-05-07 00:00:00,,,,16.36,16.61,16.26,,,,0,6,2
2014-05-08 00:00:00,,,,16.5,16.64,16.35,,,,,,
2014-05-09 00:00:00,,,,16.3,16.48,16.05,,,,,,
2014-05-12 00:00:00,,,,16.28,16.51,15.775,,,,0,7,2
2014-05-13 00:00:00,,,,15.78,16.07,15.78,,,,,,
2014-05-14 00:00:00,,,,15.77,16.03,15.53,,,,0,7,2
2014-05-15 00:00:00,,,,15.66,15.99,15.59,,,,,,
2014-05-16 00:00:00,,,,15.66,15.95,15.66,,,,,,
2014-05-19 00:00:00,,,,15.76,16.04,15.73,,,,,,
2014-05-20 00:00:00,,,,16.1,16.16,15.82,,,,0,8,2
2014-05-21 00:00:00,,,,15.93,16.12,15.82,,,,,,
2014-05-22 00:00:00,,,,15.84,16.04,15.8,,,,0,8,2
2014-05-23 00:00:00,,,,16,16.13,15.97,,,,0,8,2
2014-05-27 00:00:00,,,,16.09,16.34,15.79,,,,0,8,2
2014-05-28 00:00:00,,,,16.02,16.02,15.67,,,,0,8,2
2014-05-29 00:00:00,,,,15.73,15.82,15.53,,,,,,
2014-05-30 00:00:00,,,,15.63,15.91,15.63,,,,,,
2014-06-02 00:00:00,,,,15.82,15.94,15.8,,,,,,
2014-06-03 00:00:00,,,,15.75,16.035,15.75,,,,,,
2014-06-04 00:00:00,,,,15.6,15.96,15.58,,,,0,8,2
2014-06-05 00:00:00,,,,16.03,16.68,15.9,,,,,,
2014-06-06 00:00:00,,,,16.76,16.945,16.615,,,,,,
2014-06-09 00:00:00,,,,16.61,16.81,16.37,,,,0,8,2
2014-06-10 00:00:00,,,,16.72,16.99,16.71,,,,0,8,2
2014-06-11 00:00:00,,,,16.73,16.97,16.73,,,,0,8,2
2014-06-12 00:00:00,,,,16.81,16.93,16.68,,,,,,
2014-06-13 00:00:00,,,,16.72,16.86,16.56,,,,,,
2014-06-16 00:00:00,,,,16.66,16.89,16.6,,,,0,8,2
2014-06-17 00:00:00,,,,16.69,16.96,16.65,,,,,,
2014-06-18 00:00:00,,,,16.76,17.12,16.7,,,,0,8,2
2014-06-19 00:00:00,,,,17.01,17.32,17.01,,,,,,
2014-06-20 00:00:00,,,,17.28,17.52,17.15,,,,,,
2014-06-23 00:00:00,,,,17.45,17.77,17.45,,,,,,
2014-06-24 00:00:00,,,,17.66,17.75,17.58,,,,,,
2014-06-25 00:00:00,,,,17.6,17.76,17.52,,,,,,
2014-06-26 00:00:00,,,,17.58,17.67,17.55,,,,,,
2014-06-27 00:00:00,,,,17.61,17.9,17.61,,,,0,8,2
2014-06-30 00:00:00,,,,17.76,17.98,17.64,,,,,,
2014-07-01 00:00:00,,,,17.79,17.97,17.77,,,,,,
2014-07-02 00:00:00,,,,17.75,17.94,17.64,,,,,,
2014-07-03 00:00:00,,,,17.76,17.89,17.68,,,,,,
2014-07-07 00:00:00,,,,17.65,17.77,17.6,,,,,,
2014-07-08 00:00:00,,,,17.6,17.65,17.45,,,,,,
2014-07-09 00:00:00,,,,17.6,17.74,17.57,,,,,,
2014-07-10 00:00:00,,,,17.54,17.87,17.54,,,,0,8,2
2014-07-11 00:00:00,,,,17.81,17.93,17.75,,,,0,8,2
2014-07-14 00:00:00,,,,17.97,18.06,17.84,,,,0,8,2
2014-07-15 00:00:00,,,,17.99,18.08,17.645,,,,,,
2014-07-16 00:00:00,,,,17.71,17.91,17.49,,,,0,8,2
2014-07-17 00:00:00,,,,17.69,18.28,17.69,,,,0,8,2
2014-07-18 00:00:00,,,,17.75,17.75,17.5,,,,0,8,2
2014-07-21 00:00:00,,,,17.65,17.9,17.57,,,,0,8,2
2014-07-22 00:00:00,,,,17.88,17.99,17.83,,,,,,
2014-07-23 00:00:00,,,,17.95,18.02,17.92,,,,0,8,2
2014-07-24 00:00:00,,,,17.92,18.12,17.92,,,,,,
2014-07-25 00:00:00,,,,17.9,18.13,17.78,,,,,,
2014-07-28 00:00:00,,,,17.8,18.04,17.66,,,,,,
2014-07-29 00:00:00,,,,17.93,18.105,17.65,,,,,,
2014-07-30 00:00:00,,,,17.7,17.96,17.48,,,,,,
2014-07-31 00:00:00,,,,17.53,17.96,17.19,,,,0,8,2
2014-08-01 00:00:00,,,,17.2,17.5,17.14,,,,,,
2014-08-04 00:00:00,,,,17.32,17.34,16.99,,,,,,
2014-08-05 00:00:00,,,,17.07,17.24,16.89,,,,,,
2014-08-06 00:00:00,,,,16.92,17.15,16.86,,,,,,
2014-08-07 00:00:00,,,,17.04,17.15,16.77,,,,,,
2014-08-08 00:00:00,,,,16.9,17.345,16.76,,,,0,8,2
2014-08-11 00:00:00,,,,17.35,17.39,17.095,,,,0,8,2
2014-08-12 00:00:00,,,,17.11,17.13,16.94,,,,,,
2014-08-13 00:00:00,,,,17.15,17.23,17.08,,,,,,
2014-08-14 00:00:00,,,,17.15,17.17,17.07,,,,,,
2014-08-15 00:00:00,,,,17.16,17.25,16.86,,,,,,
2014-08-18 00:00:00,,,,17.13,17.5,17.07,,,,,,
2014-08-19 00:00:00,,,,17.35,17.46,17.25,,,,,,
2014-08-20 00:00:00,,,,17.18,17.56,17.11,,,,0,8,2
2014-08-21 00:00:00,,,,17.5,17.53,17.36,,,,,,
2014-08-22 00:00:00,,,,17.42,17.58,17.38,,,,,,
2014-08-25 00:00:00,,,,17.48,17.74,17.47,,,,,,
2014-08-26 00:00:00,,,,17.6,17.665,17.53,,,,,,
2014-08-27 00:00:00,,,,17.58,17.77,17.58,,,,,,
2014-08-28 00:00:00,,,,17.66,17.795,17.56,,,,,,
2014-08-29 00:00:00,,,,17.72,18,17.65,,,,,,
2014-09-02 00:00:00,,,,17.94,18.12,17.88,,,,0,8,2
2014-09-03 00:00:00,,,,18.01,18.08,17.92,,,,0,8,2
2014-09-04 00:00:00,,,,17.96,18.17,17.96,,,,,,
2014-09-05 00:00:00,,,,17.9,18.05,17.635,,,,0,8,2
2014-09-08 00:00:00,,,,17.78,18.04,17.535,,,,,,
2014-09-09 00:00:00,,,,17.62,17.7,17.39,,,,,,
2014-09-10 00:00:00,,,,17.28,17.45,17.19,,,,,,
2014-09-11 00:00:00,,,,17.26,17.515,17.26,,,,,,
2014-09-12 00:00:00,,,,17.36,17.65,17.36,,,,0,8,2
2014-09-15 00:00:00,,,,17.6,17.6,17.21,,,,0,8,2
2014-09-16 00:00:00,,,,17.33,17.59,17.24,,,,,,
2014-09-17 00:00:00,,,,17.5,17.95,17.5,,,,0,8,2
2014-09-18 00:00:00,,,,17.84,17.95,17.81,,,,,,
2014-09-19 00:00:00,,,,17.94,17.95,17.81,,,,,,
2014-09-22 00:00:00,,,,17.79,17.95,17.69,,,,,,
2014-09-23 00:00:00,,,,17.82,17.95,17.57,,,,,,
2014-09-24 00:00:00,,,,17.59,17.91,17.48,,,,,,
2014-09-25 00:00:00,,,,17.83,17.92,17.62,,,,,,
2014-09-26 00:00:00,,,,17.71,17.76,17.55,,,,,,
2014-09-29 00:00:00,,,,17.53,17.85,17.48,,,,0,8,2
2014-09-30 00:00:00,,,,17.64,17.86,17.63,,,,0,8,2
2014-10-01 00:00:00,,,,17.71,17.8,17.42,,,,,,
2014-10-02 00:00:00,,,,17.38,17.57,17.24,,,,,,
2014-10-03 00:00:00,,,,17.45,17.64,17.37,,,,,,
2014-10-06 00:00:00,,,,17.48,17.77,17.41,,,,0,8,2
2014-10-07 00:00:00,,,,17.52,17.66,17.3,,,,0,8,2
2014-10-08 00:00:00,,,,17.27,17.37,16.99,,,,0,8,2
2014-10-09 00:00:00,,,,17.28,17.38,17.1,,,,0,8,2
2014-10-10 00:00:00,,,,17.29,17.48,17.08,,,,,,
2014-10-13 00:00:00,,,,17.58,17.77,17.29,,,,0,9,1
2014-10-14 00:00:00,,,,17.38,17.57,17.38,,,,0,9,1
2014-10-15 00:00:00,,,,17.3,17.6,17.19,,,,0,9,1
2014-10-16 00:00:00,,,,17.19,17.85,17.18,,,,0,9,1
2014-10-17 00:00:00,,,,17.73,18.62,17.71,,,,0,9,1
2014-10-20 00:00:00,,,,18.51,18.92,18.39,,,,,,
2014-10-21 00:00:00,,,,18.85,18.895,18.64,,,,,,
2014-10-22 00:00:00,,,,18.8,19.08,18.49,,,,,,
2014-10-23 00:00:00,,,,18.65,18.905,18.49,,,,,,
2014-10-24 00:00:00,,,,18.75,19.08,18.75,,,,,,
2014-10-27 00:00:00,,,,18.87,18.9,18.7,,,,,,
2014-10-28 00:00:00,,,,18.87,19.09,18.81,,,,,,
2014-10-29 00:00:00,,,,19.01,19.32,18.87,,,,,,
2014-10-30 00:00:00,,,,19.24,19.535,19.16,,,,,,
2014-10-31 00:00:00,,,,19.68,19.86,19.56,,,,,,
2014-11-03 00:00:00,,,,19.73,20.1,19.59,,,,,,
2014-11-04 00:00:00,,,,19.69,19.71,19.39,,,,0,8,2
2014-11-05 00:00:00,,,,19.68,19.73,19.18,,,,,,
2014-11-06 00:00:00,,,,19.72,20.105,19.62,,,,,,
2014-11-07 00:00:00,,,,20.05,20.26,19.91,,,,0,8,2
2014-11-10 00:00:00,,,,20.17,20.35,20.11,,,,,,
2014-11-11 00:00:00,,,,20.18,20.33,20.11,,,,,,
2014-11-12 00:00:00,,,,20.32,20.46,20.055,,,,,,
2014-11-13 00:00:00,,,,20.44,20.78,20.36,,,,0,8,2
2014-11-14 00:00:00,,,,20.75,20.78,20.27,,,,0,8,2
2014-11-17 00:00:00,,,,20.33,20.84,20.32,,,,,,
2014-11-18 00:00:00,,,,20.71,21.055,20.66,,,,,,
2014-11-19 00:00:00,,,,20.54,20.78,20.54,,,,,,
2014-11-20 00:00:00,,,,20.71,20.87,20.62,,,,,,
2014-11-21 00:00:00,,,,20.97,21.22,20.86,,,,0,8,2
2014-11-24 00:00:00,,,,21.18,21.23,20.9,,,,,,
2014-11-25 00:00:00,,,,20.93,21.015,20.86,,,,,,
2014-11-26 00:00:00,,,,20.95,21.005,20.82,,,,,,
2014-11-28 00:00:00,,,,20.99,21.49,20.85,,,,,,
2014-12-01 00:00:00,,,,20.88,21.22,20.74,,,,,,
2014-12-02 00:00:00,,,,21,21.27,20.88,,,,0,8,2
2014-12-03 00:00:00,,,,20.87,21.02,20.525,,,,,,
2014-12-04 00:00:00,,,,20.8,20.96,20.69,,,,,,
2014-12-05 00:00:00,,,,20.85,21.23,20.85,,,,,,
2014-12-08 00:00:00,,,,21.01,21.49,21.01,,,,0,8,2
2014-12-09 00:00:00,,,,21.12,21.49,21.08,,,,,,
2014-12-10 00:00:00,,,,21.49,21.785,21.26,,,,,,
2014-12-11 00:00:00,,,,21.35,21.595,21.25,,,,,,
2014-12-12 00:00:00,,,,21.43,21.68,20.81,,,,,,
2014-12-15 00:00:00,,,,20.98,21.19,20.89,,,,0,8,2
2014-12-16 00:00:00,,,,21.04,21.35,20.87,,,,,,
2014-12-17 00:00:00,,,,20.94,21.27,20.83,,,,,,
2014-12-18 00:00:00,,,,21.39,21.58,21.23,,,,0,8,2
2014-12-19 00:00:00,,,,21.51,22.4,21.51,,,,,,
2014-12-22 00:00:00,,,,22.43,22.64,22.25,,,,,,
2014-12-23 00:00:00,,,,22.71,22.71,22.33,,,,,,
2014-12-24 00:00:00,,,,22.45,22.57,22.16,,,,,,
2014-12-26 00:00:00,,,,22.15,22.19,21.925,,,,,,
2014-12-29 00:00:00,,,,21.99,22.02,21.82,,,,,,
2014-12-30 00:00:00,,,,21.83,22.04,21.83,,,,,,
2014-12-31 00:00:00,,,,22.09,22.25,21.61,,,,,,
2015-01-02 00:00:00,,,,21.71,21.98,21.52,,,,,,
2015-01-05 00:00:00,,,,21.67,21.68,21.04,,,,,,
2015-01-06 00:00:00,,,,21.17,21.32,20.72,,,,,,
2015-01-07 00:00:00,,,,21,21.12,20.66,,,,,,
2015-01-08 00:00:00,,,,21.1,21.5,20.41,,,,0,7,3
2015-01-09 00:00:00,,,,20.56,20.775,20.42,,,,0,7,3
2015-01-12 00:00:00,,,,20.51,20.63,20.02,,,,,,
2015-01-13 00:00:00,,,,20.28,20.57,19.97,,,,,,
2015-01-14 00:00:00,,,,20.1,20.32,19.88,,,,,,
2015-01-15 00:00:00,,,,20.07,20.43,19.87,,,,0,7,3
2015-01-16 00:00:00,,,,20.01,20.21,19.82,,,,,,
2015-01-20 00:00:00,,,,20.24,20.25,19.57,,,,,,
2015-01-21 00:00:00,,,,19.56,20.08,18.82,,,,0,7,3
2015-01-22 00:00:00,,,,20,20.12,19.34,,,,0,6,4
2015-01-23 00:00:00,,,,19.57,20.09,19.345,,,,0,6,4
2015-01-26 00:00:00,,,,19.36,19.62,19.27,,,,0,6,4
2015-01-27 00:00:00,,,,19.43,19.87,19.43,,,,,,
2015-01-28 00:00:00,,,,19.8,19.8,19.45,,,,,,
2015-01-29 00:00:00,,,,19.12,19.58,19.11,,,,,,
2015-01-30 00:00:00,,,,19.38,19.96,19.2,,,,0,6,4
2015-02-02 00:00:00,,,,19.75,20.15,19.57,,,,0,6,4
2015-02-03 00:00:00,,,,20.12,21.1,20.07,,,,,,
2015-02-04 00:00:00,,,,20.93,21.19,20.71,,,,0,6,4
2015-02-05 00:00:00,,,,20.95,21.38,20.81,,,,,,
2015-02-06 00:00:00,,,,21.38,21.455,21.18,,,,0,6,4
2015-02-09 00:00:00,,,,21.19,21.71,21.19,,,,,,
2015-02-10 00:00:00,,,,21.6,21.705,21.35,,,,0,6,5
2015-02-11 00:00:00,,,,21.57,22.05,21.43,,,,,,
2015-02-12 00:00:00,,,,21.95,22.28,21.81,,,,0,6,5
2015-02-13 00:00:00,,,,22.07,22.4,21.94,,,,,,
2015-02-17 00:00:00,,,,22.27,22.36,21.93,,,,,,
2015-02-18 00:00:00,,,,21.92,22.03,21.57,,,,,,
2015-02-19 00:00:00,,,,21.64,21.735,21.39,,,,,,
2015-02-20 00:00:00,,,,21.66,21.86,21.4,,,,,,
2015-02-23 00:00:00,,,,21.63,21.82,21.46,,,,,,
2015-02-24 00:00:00,,,,21.76,21.98,21.68,,,,,,
2015-02-25 00:00:00,,,,21.73,21.91,21.64,,,,0,6,5
2015-02-26 00:00:00,,,,21.71,21.99,21.71,,,,,,
2015-02-27 00:00:00,,,,21.76,21.76,21.33,,,,,,
2015-03-02 00:00:00,,,,19.07,19.67,18.44,,,,0,4,6
2015-03-03 00:00:00,,,,19.4,20.18,19.17,,,,,,
2015-03-04 00:00:00,,,,19.74,20.38,19.57,,,,,,
2015-03-05 00:00:00,,,,20.02,20.11,19.78,,,,,,
2015-03-06 00:00:00,,,,19.91,20.23,19.605,,,,0,4,6
2015-03-09 00:00:00,,,,19.62,19.77,19.59,,,,,,
2015-03-10 00:00:00,,,,19.37,19.66,19.26,,,,,,
2015-03-11 00:00:00,,,,19.46,19.58,18.97,,,,0,4,6
2015-03-12 00:00:00,,,,19.28,19.585,19.28,,,,0,4,6
2015-03-13 00:00:00,,,,19.45,19.52,19.21,,,,0,4,6
2015-03-16 00:00:00,,,,19.36,19.8,19.34,,,,0,4,6
2015-03-17 00:00:00,,,,19.68,20.145,19.49,,,,0,4,6
2015-03-18 00:00:00,,,,20,20.1,19.645,,,,,,
2015-03-19 00:00:00,,,,20,20.72,19.91,,,,,,
2015-03-20 00:00:00,,,,20.71,21.02,20.655,,,,0,4,6
2015-03-23 00:00:00,,,,20.77,21.05,20.65,,,,0,4,6
2015-03-24 00:00:00,,,,20.8,20.86,20.55,,,,,,
2015-03-25 00:00:00,,,,20.77,20.87,20.33,,,,,,
2015-03-26 00:00:00,,,,20.25,20.25,20.04,,,,,,
2015-03-27 00:00:00,,,,20.01,20.35,19.89,,,,0,4,6
2015-03-30 00:00:00,,,,20.19,20.19,19.96,,,,,,
2015-03-31 00:00:00,,,,19.87,20.54,19.87,,,,,,
2015-04-01 00:00:00,,,,20.25,20.42,20.06,,,,0,4,5
2015-04-02 00:00:00,,,,20.19,20.43,20.08,,,,,,
2015-04-06 00:00:00,,,,20.19,20.38,20.1,,,,,,
2015-04-07 00:00:00,,,,20.28,20.29,20.095,,,,0,4,5
2015-04-08 00:00:00,,,,20.16,20.355,20.01,,,,,,
2015-04-09 00:00:00,,,,20.26,20.51,20.19,,,,,,
2015-04-10 00:00:00,,,,20.27,20.51,20.21,,,,0,4,5
2015-04-13 00:00:00,,,,20.21,20.61,20.21,,,,,,
2015-04-14 00:00:00,,,,20.37,20.64,20.285,,,,0,4,5
2015-04-15 00:00:00,,,,20.35,20.51,20.27,,,,0,4,5
2015-04-16 00:00:00,,,,20.36,20.49,20.26,,,,,,
2015-04-17 00:00:00,,,,20.19,20.47,19.91,,,,,,
2015-04-20 00:00:00,,,,20.04,20.72,20.04,,,,,,
2015-04-21 00:00:00,,,,20.5,20.71,20.37,,,,0,4,5
2015-04-22 00:00:00,,,,20.51,20.94,20.33,,,,0,4,5
2015-04-23 00:00:00,,,,20.53,20.78,20.425,,,,0,4,5
2015-04-24 00:00:00,,,,20.41,20.49,20.25,,,,,,
2015-04-27 00:00:00,,,,20.29,20.35,19.83,,,,,,
2015-04-28 00:00:00,,,,19.9,19.98,19.67,,,,,,
2015-04-29 00:00:00,,,,19.91,20,19.64,,,,,,
2015-04-30 00:00:00,,,,19.7,19.88,19.51,,,,,,
2015-05-01 00:00:00,,,,19.68,19.8,19.62,,,,,,
2015-05-04 00:00:00,,,,19.77,19.96,19.625,,,,,,
2015-05-05 00:00:00,,,,19.6,19.76,19.51,,,,,,
2015-05-06 00:00:00,,,,19.58,19.77,19.535,,,,,,
2015-05-07 00:00:00,,,,19.67,19.795,19.49,,,,,,
2015-05-08 00:00:00,,,,19.85,20.09,19.85,,,,,,
2015-05-11 00:00:00,,,,19.98,20.06,19.935,,,,,,
2015-05-12 00:00:00,,,,19.98,20.18,19.89,,,,,,
2015-05-13 00:00:00,,,,20.08,20.16,19.77,,,,,,
2015-05-14 00:00:00,,,,19.93,20.04,19.6,,,,0,4,5
2015-05-15 00:00:00,,,,19.89,19.91,19.09,,,,,,
2015-05-18 00:00:00,,,,19.05,19.19,18.95,,,,0,4,5
2015-05-19 00:00:00,,,,19.11,19.33,19.08,,,,,,
2015-05-20 00:00:00,,,,19.41,19.445,19.28,,,,,,
2015-05-21 00:00:00,,,,19.35,19.59,19.34,,,,,,
2015-05-22 00:00:00,,,,19.39,19.53,19.32,,,,,,
2015-05-26 00:00:00,,,,19.34,19.45,19.1,,,,0,4,5
2015-05-27 00:00:00,,,,19.25,19.5,19.13,,,,0,4,5
2015-05-28 00:00:00,,,,19.32,19.45,19.215,,,,,,
2015-05-29 00:00:00,,,,19.35,19.35,19.14,,,,,,
2015-06-01 00:00:00,,,,19.38,19.48,19.17,,,,0,4,5
2015-06-02 00:00:00,,,,19.23,19.43,19.23,,,,,,
2015-06-03 00:00:00,,,,19.29,19.54,19.25,,,,,,
2015-06-04 00:00:00,,,,19.35,19.41,19.045,,,,,,
2015-06-05 00:00:00,,,,19.12,19.35,19,,,,,,
2015-06-08 00:00:00,,,,19.05,19.225,19.03,,,,0,4,5
2015-06-09 00:00:00,,,,19.12,19.18,18.855,,,,,,
2015-06-10 00:00:00,,,,18.94,19.4,18.86,,,,,,
2015-06-11 00:00:00,,,,19.38,19.595,19.31,,,,,,
2015-06-12 00:00:00,,,,19.52,19.57,19.32,,,,,,
2015-06-15 00:00:00,,,,19.26,19.26,18.98,,,,0,4,5
2015-06-16 00:00:00,,,,19.11,19.34,18.94,,,,,,
2015-06-17 00:00:00,,,,19.21,19.23,18.42,,,,,,
2015-06-18 00:00:00,,,,18.63,19.035,18.63,,,,,,
2015-06-19 00:00:00,,,,18.89,18.95,18.72,,,,,,
2015-06-22 00:00:00,,,,19.09,19.2,19.01,,,,0,4,5
2015-06-23 00:00:00,,,,19.1,19.25,19.09,,,,,,
2015-06-24 00:00:00,,,,19.11,19.23,18.82,,,,,,
2015-06-25 00:00:00,,,,18.83,18.84,18.55,,,,0,4,5
2015-06-26 00:00:00,,,,18.66,18.8,18.44,,,,,,
2015-06-29 00:00:00,,,,18.36,18.55,18.09,,,,0,4,5
2015-06-30 00:00:00,,,,18.2,18.34,18.095,,,,,,
2015-07-01 00:00:00,,,,18.36,18.51,18.23,,,,,,
2015-07-02 00:00:00,,,,18.54,18.57,18.37,,,,,,
2015-07-06 00:00:00,,,,18.21,18.62,18.21,,,,,,
2015-07-07 00:00:00,,,,18.66,18.99,18.49,,,,0,4,5
2015-07-08 00:00:00,,,,18.86,18.88,18.54,,,,,,
2015-07-09 00:00:00,,,,18.79,18.91,18.51,,,,,,
2015-07-10 00:00:00,,,,18.78,18.78,18.33,,,,,,
2015-07-13 00:00:00,,,,18.5,18.5,18.13,,,,0,4,5
2015-07-14 00:00:00,,,,15.9,17.02,15.82,,,,0,4,5
2015-07-15 00:00:00,,,,16.66,16.675,16.34,,,,0,5,4
2015-07-16 00:00:00,,,,16.69,16.69,16.49,,,,,,
2015-07-17 00:00:00,,,,16.46,16.895,16.46,,,,,,
2015-07-20 00:00:00,,,,16.97,16.97,16.39,,,,0,5,4
2015-07-21 00:00:00,,,,16.47,16.75,16.47,,,,0,5,4
2015-07-22 00:00:00,,,,16.67,16.67,16.16,,,,0,5,4
2015-07-23 00:00:00,,,,16.33,16.47,16.16,,,,0,5,4
2015-07-24 00:00:00,,,,16.45,16.56,16.205,,,,,,
2015-07-27 00:00:00,,,,16.15,16.29,15.72,,,,0,5,4
2015-07-28 00:00:00,,,,15.8,15.895,15.75,,,,,,
2015-07-29 00:00:00,,,,15.77,15.91,15.73,,,,,,
2015-07-30 00:00:00,,,,15.7,15.77,15.49,,,,,,
2015-07-31 00:00:00,,,,15.82,15.9,15.65,,,,,,
2015-08-03 00:00:00,,,,15.77,15.86,15.56,,,,0,5,4
2015-08-04 00:00:00,,,,15.6,15.74,15.54,,,,0,5,4
2015-08-05 00:00:00,,,,15.62,15.94,15.6,,,,,,
2015-08-06 00:00:00,,,,15.66,15.66,15.2,,,,,,
2015-08-07 00:00:00,,,,15.34,15.625,15.32,,,,,,
2015-08-10 00:00:00,,,,15.69,16,15.69,,,,,,
2015-08-11 00:00:00,,,,15.84,15.9,15.36,,,,,,
2015-08-12 00:00:00,,,,15.49,15.49,15.11,,,,0,5,4
2015-08-13 00:00:00,,,,15.25,15.32,14.75,,,,,,
2015-08-14 00:00:00,,,,14.83,14.86,14.585,,,,,,
2015-08-17 00:00:00,,,,14.76,14.96,14.62,,,,0,5,4
2015-08-18 00:00:00,,,,14.88,14.98,14.61,,,,,,
2015-08-19 00:00:00,,,,14.66,14.72,14.56,,,,,,
2015-08-20 00:00:00,,,,14.43,14.48,14.05,,,,,,
2015-08-21 00:00:00,,,,13.98,14.265,13.89,,,,,,
2015-08-24 00:00:00,,,,13.34,13.86,12.89,,,,0,5,4
2015-08-25 00:00:00,,,,13.23,13.23,12.02,,,,0,5,4
2015-08-26 00:00:00,,,,12.25,12.55,12.01,,,,,,
2015-08-27 00:00:00,,,,12.81,13.08,12.67,,,,,,
2015-08-28 00:00:00,,,,12.93,13.14,12.8,,,,,,
2015-08-31 00:00:00,,,,12.93,12.95,12.685,,,,0,5,4
2015-09-01 00:00:00,,,,12.51,12.64,12.3,,,,,,
2015-09-02 00:00:00,,,,12.4,12.53,11.98,,,,,,
2015-09-03 00:00:00,,,,12.2,12.36,12.1,,,,,,
2015-09-04 00:00:00,,,,11.96,12.09,11.79,,,,,,
2015-09-08 00:00:00,,,,12.74,12.99,12.13,,,,0,5,4
2015-09-09 00:00:00,,,,12.44,12.54,12.22,,,,,,
2015-09-10 00:00:00,,,,12.31,12.68,12.28,,,,,,
2015-09-11 00:00:00,,,,12.52,12.565,12.225,,,,,,
2015-09-14 00:00:00,,,,12.44,12.51,12.29,,,,0,5,4
2015-09-15 00:00:00,,,,12.47,12.55,12.28,,,,0,5,4
2015-09-16 00:00:00,,,,12.37,12.71,12.37,,,,0,5,4
2015-09-17 00:00:00,,,,12.66,12.905,12.49,,,,0,5,4
2015-09-18 00:00:00,,,,12.39,12.75,12.28,,,,0,5,4
2015-09-21 00:00:00,,,,12.72,12.79,12.6,,,,,,
2015-09-22 00:00:00,,,,12.5,12.55,12.115,,,,,,
2015-09-23 00:00:00,,,,12.38,12.54,12.285,,,,,,
2015-09-24 00:00:00,,,,12.34,12.53,12.27,,,,0,5,4
2015-09-25 00:00:00,,,,12.58,12.58,12.34,,,,,,
2015-09-28 00:00:00,,,,12.4,12.485,11.995,,,,,,
2015-09-29 00:00:00,,,,12.16,12.23,11.59,,,,,,
2015-09-30 00:00:00,,,,11.75,11.87,10.945,,,,0,5,4
2015-10-01 00:00:00,,,,11.24,11.29,10.68,,,,,,
2015-10-02 00:00:00,,,,10.74,11.11,10.62,,,,,,
2015-10-05 00:00:00,,,,11.08,11.65,11.08,,,,0,5,4
2015-10-06 00:00:00,,,,11.43,11.74,11.4,,,,,,
2015-10-07 00:00:00,,,,11.73,12.1,11.7,,,,0,6,3
2015-10-08 00:00:00,,,,12.13,12.26,12.01,,,,0,6,3
2015-10-09 00:00:00,,,,12.14,12.36,11.91,,,,0,6,3
2015-10-12 00:00:00,,,,11.98,12.06,11.805,,,,0,6,3
2015-10-13 00:00:00,,,,11.84,11.965,11.78,,,,0,6,3
2015-10-14 00:00:00,,,,11.92,12.055,11.71,,,,,,
2015-10-15 00:00:00,,,,11.81,12.065,11.795,,,,,,
2015-10-16 00:00:00,,,,12.09,12.33,11.98,,,,,,
2015-10-19 00:00:00,,,,12.17,12.28,11.99,,,,0,6,3
2015-10-20 00:00:00,,,,12.32,12.73,12.3,,,,0,6,3
2015-10-21 00:00:00,,,,12.82,13.13,12.65,,,,0,6,3
2015-10-22 00:00:00,,,,12.99,13.16,12.71,,,,0,6,3
2015-10-23 00:00:00,,,,13.09,13.76,13.03,,,,,,
2015-10-26 00:00:00,,,,13.56,13.57,13.165,,,,0,6,3
2015-10-27 00:00:00,,,,13.39,13.44,13.1,,,,,,
2015-10-28 00:00:00,,,,13.43,13.83,13.3,,,,,,
2015-10-29 00:00:00,,,,13.71,13.83,13.18,,,,,,
2015-10-30 00:00:00,,,,13.28,13.34,13.175,,,,,,
2015-11-02 00:00:00,,,,13.23,13.505,13.215,,,,,,
2015-11-03 00:00:00,,,,13.42,13.59,13.33,,,,,,
2015-11-04 00:00:00,,,,13.47,13.925,13.36,,,,,,
2015-11-05 00:00:00,,,,13.41,13.49,12.97,,,,,,
2015-11-06 00:00:00,,,,13.32,13.39,13.08,,,,,,
2015-11-09 00:00:00,,,,13.28,13.37,12.815,,,,,,
2015-11-10 00:00:00,,,,12.93,12.98,12.48,,,,0,6,3
2015-11-11 00:00:00,,,,12.73,12.79,12.4,,,,,,
2015-11-12 00:00:00,,,,12.41,12.54,12.145,,,,,,
2015-11-13 00:00:00,,,,12.17,12.2,11.92,,,,,,
2015-11-16 00:00:00,,,,11.99,12.14,11.775,,,,0,6,3
2015-11-17 00:00:00,,,,12.03,12.06,11.82,,,,,,
2015-11-18 00:00:00,,,,11.93,12.05,11.79,,,,,,
2015-11-19 00:00:00,,,,12.06,12.09,11.68,,,,,,
2015-11-20 00:00:00,,,,11.76,11.9,11.63,,,,,,
2015-11-23 00:00:00,,,,11.84,12.16,11.75,,,,0,6,3
2015-11-24 00:00:00,,,,11.8,12.02,11.65,,,,,,
2015-11-25 00:00:00,,,,11.85,11.86,11.72,,,,,,
2015-11-27 00:00:00,,,,11.78,11.81,11.62,,,,,,
2015-11-30 00:00:00,,,,11.9,11.93,11.52,,,,0,7,3
2015-12-01 00:00:00,,,,11.94,12.26,11.8,,,,0,7,3
2015-12-02 00:00:00,,,,12.04,12.2,11.87,,,,0,7,3
2015-12-03 00:00:00,,,,12.03,12.095,11.65,,,,0,7,3
2015-12-04 00:00:00,,,,11.76,12.15,11.76,,,,0,7,3
2015-12-07 00:00:00,,,,12,12.13,11.745,,,,0,7,3
2015-12-08 00:00:00,,,,11.83,11.925,11.59,,,,,,
2015-12-09 00:00:00,,,,11.69,12.14,11.67,,,,,,
2015-12-10 00:00:00,,,,11.75,12.52,11.73,,,,0,7,3
2015-12-11 00:00:00,,,,12.32,12.43,12.14,,,,0,7,3
2015-12-14 00:00:00,,,,12.36,12.56,12.015,,,,0,7,3
2015-12-15 00:00:00,,,,12.25,12.52,12.25,,,,,,
2015-12-16 00:00:00,,,,12.42,12.95,12.295,,,,,,
2015-12-17 00:00:00,,,,12.8,12.91,12.47,,,,0,7,3
2015-12-18 00:00:00,,,,12.39,12.41,11.92,,,,,,
2015-12-21 00:00:00,,,,12.08,12.13,11.67,,,,,,
2015-12-22 00:00:00,,,,11.84,11.84,11.61,,,,,,
2015-12-23 00:00:00,,,,11.75,12.15,11.72,,,,,,
2015-12-24 00:00:00,,,,12.21,12.76,12.21,,,,,,
2015-12-28 00:00:00,,,,12.51,12.51,11.32,,,,0,7,3
2015-12-29 00:00:00,,,,11.49,11.66,11.405,,,,0,7,3
2015-12-30 00:00:00,,,,11.53,11.555,11.32,,,,,,
2015-12-31 00:00:00,,,,11.3,11.59,11.23,,,,0,7,2
2016-01-04 00:00:00,,,,11.34,11.59,11.19,,,,0,6,2
2016-01-05 00:00:00,,,,11.5,11.61,10.94,,,,0,6,2
2016-01-06 00:00:00,,,,11.21,11.25,10.84,,,,,,
2016-01-07 00:00:00,,,,10.74,10.84,10.21,,,,,,
2016-01-08 00:00:00,,,,10.37,10.52,10.03,,,,,,
2016-01-11 00:00:00,,,,10.21,10.27,9.81,,,,0,6,2
2016-01-12 00:00:00,,,,10.15,10.28,9.81,,,,0,6,2
2016-01-13 00:00:00,,,,10.07,10.18,9.42,,,,0,6,2
2016-01-14 00:00:00,,,,9.44,9.46,9.04,,,,0,6,2
2016-01-15 00:00:00,,,,9.13,9.29,8.91,,,,,,
2016-01-19 00:00:00,,,,9.15,9.15,8.74,,,,0,6,2
2016-01-20 00:00:00,,,,8.58,9.08,8.33,,,,,,
2016-01-21 00:00:00,,,,9.08,9.43,9,,,,0,6,2
2016-01-22 00:00:00,,,,9.34,9.585,9.08,,,,0,5,2
2016-01-25 00:00:00,,,,9.2,9.24,8.825,,,,,,
2016-01-26 00:00:00,,,,8.9,9.485,8.87,,,,0,5,2
2016-01-27 00:00:00,,,,9.08,9.98,9.08,,,,0,5,2
2016-01-28 00:00:00,,,,9.57,9.82,9,,,,0,5,2
2016-01-29 00:00:00,,,,9.09,9.6,9.06,,,,,,
2016-02-01 00:00:00,,,,9.51,9.59,9.18,,,,,,
2016-02-02 00:00:00,,,,9.15,9.24,8.75,,,,,,
2016-02-03 00:00:00,,,,8.8,9.24,8.385,,,,,,
2016-02-04 00:00:00,,,,9.12,9.72,9.12,,,,,,
2016-02-05 00:00:00,,,,9.52,9.66,9.375,,,,,,
2016-02-08 00:00:00,,,,9.28,9.28,8.68,,,,,,
2016-02-09 00:00:00,,,,8.88,8.89,8.42,,,,0,5,2
2016-02-10 00:00:00,,,,8.62,8.69,8.44,,,,,,
2016-02-11 00:00:00,,,,8.38,8.54,8.21,,,,,,
2016-02-12 00:00:00,,,,8.49,9.15,8.49,,,,,,
2016-02-16 00:00:00,,,,9.19,9.68,9.145,,,,0,5,2
2016-02-17 00:00:00,,,,9.73,10.315,9.73,,,,,,
2016-02-18 00:00:00,,,,9.92,10.18,9.76,,,,,,
2016-02-19 00:00:00,,,,10.11,10.11,9.73,,,,,,
2016-02-22 00:00:00,,,,10.13,10.38,10.1,,,,,,
2016-02-23 00:00:00,,,,10.29,10.49,10.13,,,,,,
2016-02-24 00:00:00,,,,10.01,10.35,9.67,,,,0,5,2
2016-02-25 00:00:00,,,,10.29,10.72,10.11,,,,,,
2016-02-26 00:00:00,,,,10.73,10.99,10.555,,,,,,
2016-02-29 00:00:00,,,,10.63,11.06,10.57,,,,,,
2016-03-01 00:00:00,,,,10.89,11.25,10.66,,,,,,
2016-03-02 00:00:00,,,,10.73,10.9,10.41,,,,,,
2016-03-03 00:00:00,,,,10.86,11.38,10.86,,,,,,
2016-03-04 00:00:00,,,,11.3,11.64,11.21,,,,,,
2016-03-07 00:00:00,,,,11.35,11.46,11.17,,,,,,
2016-03-08 00:00:00,,,,11.3,11.35,10.95,,,,,,
2016-03-09 00:00:00,,,,11.19,11.39,11.06,,,,,,
2016-03-10 00:00:00,,,,11.28,11.75,11.28,,,,,,
2016-03-11 00:00:00,,,,11.74,11.995,11.64,,,,0,5,2
2016-03-14 00:00:00,,,,12,12.19,11.68,,,,0,5,2
2016-03-15 00:00:00,,,,11.61,11.65,11.12,,,,0,5,2
2016-03-16 00:00:00,,,,11.44,11.91,11.44,,,,,,
2016-03-17 00:00:00,,,,11.68,12.08,11.56,,,,,,
2016-03-18 00:00:00,,,,12.06,12.49,11.95,,,,,,
2016-03-21 00:00:00,,,,12.34,12.59,12.28,,,,,,
2016-03-22 00:00:00,,,,12.29,12.49,12.13,,,,,,
2016-03-23 00:00:00,,,,12.31,12.33,11.89,,,,,,
2016-03-24 00:00:00,,,,11.82,11.99,11.65,,,,0,5,2
2016-03-28 00:00:00,,,,12.04,12.09,11.71,,,,,,
2016-03-29 00:00:00,,,,11.78,11.985,11.51,,,,,,
2016-03-30 00:00:00,,,,11.93,12.17,11.735,,,,,,
2016-03-31 00:00:00,,,,11.97,12.18,11.91,,,,,,
2016-04-01 00:00:00,,,,11.85,11.87,11.43,,,,,,
2016-04-04 00:00:00,,,,11.62,11.9,11.53,,,,,,
2016-04-05 00:00:00,,,,11.59,11.69,11.41,,,,,,
2016-04-06 00:00:00,,,,11.41,11.68,11.095,,,,,,
2016-04-07 00:00:00,,,,11.5,11.76,11.46,,,,0,5,2
2016-04-08 00:00:00,,,,11.75,12.07,11.68,,,,,,
2016-04-11 00:00:00,,,,11.89,12.39,11.89,,,,0,5,2
2016-04-12 00:00:00,,,,12.23,12.48,12.15,,,,0,5,2
2016-04-13 00:00:00,,,,12.51,12.84,12.44,,,,,,
2016-04-14 00:00:00,,,,12.67,12.84,12.54,,,,,,
2016-04-15 00:00:00,,,,12.68,12.85,12.61,,,,0,5,2
2016-04-18 00:00:00,,,,12.6,12.92,12.51,,,,,,
2016-04-19 00:00:00,,,,12.88,13.32,12.86,,,,0,5,2
2016-04-20 00:00:00,,,,12.74,13.29,12.45,,,,0,5,2
2016-04-21 00:00:00,,,,13.47,13.65,13.225,,,,0,5,2
2016-04-22 00:00:00,,,,13.29,13.79,13.29,,,,,,
2016-04-25 00:00:00,,,,13.65,13.65,13.21,,,,0,5,2
2016-04-26 00:00:00,,,,13.54,13.7,13.52,,,,,,
2016-04-27 00:00:00,,,,13.68,13.99,13.68,,,,,,
2016-04-28 00:00:00,,,,13.81,13.88,13.46,,,,,,
2016-04-29 00:00:00,,,,13.46,13.69,13.33,,,,,,
2016-05-02 00:00:00,,,,13.75,13.83,13.44,,,,,,
2016-05-03 00:00:00,,,,13.44,13.46,13.02,,,,,,
2016-05-04 00:00:00,,,,13,13.22,12.86,,,,,,
2016-05-05 00:00:00,,,,13.07,13.25,12.915,,,,,,
2016-05-06 00:00:00,,,,12.99,13.35,12.97,,,,,,
2016-05-09 00:00:00,,,,13.05,13.29,13,,,,,,
2016-05-10 00:00:00,,,,13.23,13.34,13.085,,,,,,
2016-05-11 00:00:00,,,,13.2,13.2,12.75,,,,,,
2016-05-12 00:00:00,,,,12.86,13.03,12.415,,,,,,
2016-05-13 00:00:00,,,,12.45,12.62,12.175,,,,,,
2016-05-16 00:00:00,,,,12.4,12.63,12.4,,,,,,
2016-05-17 00:00:00,,,,12.45,12.8,12.45,,,,,,
2016-05-18 00:00:00,,,,12.5,12.88,12.5,,,,,,
2016-05-19 00:00:00,,,,12.64,12.82,12.35,,,,,,
2016-05-20 00:00:00,,,,12.48,12.79,12.48,,,,,,
2016-05-23 00:00:00,,,,12.62,12.88,12.59,,,,,,
2016-05-24 00:00:00,,,,12.81,13,12.77,,,,,,
2016-05-25 00:00:00,,,,13.08,13.38,13.07,,,,,,
2016-05-26 00:00:00,,,,13.4,13.49,13.295,,,,,,
2016-05-27 00:00:00,,,,13.34,13.6,13.29,,,,,,
2016-05-31 00:00:00,,,,13.51,13.815,13.5,,,,0,5,2
2016-06-01 00:00:00,,,,13.39,13.65,13.23,,,,,,
2016-06-02 00:00:00,,,,13.55,13.65,13.425,,,,,,
2016-06-03 00:00:00,,,,13.57,13.58,13.05,,,,,,
2016-06-06 00:00:00,,,,13.28,13.65,13.28,,,,,,
2016-06-07 00:00:00,,,,13.58,13.66,13.29,,,,,,
2016-06-08 00:00:00,,,,13.46,13.61,13.405,,,,0,5,2
2016-06-09 00:00:00,,,,13.31,13.31,13.105,,,,,,
2016-06-10 00:00:00,,,,13.01,13.095,12.84,,,,,,
2016-06-13 00:00:00,,,,12.89,13.01,12.75,,,,,,
2016-06-14 00:00:00,,,,12.69,12.82,12.14,,,,,,
2016-06-15 00:00:00,,,,12.17,12.43,12.05,,,,,,
2016-06-16 00:00:00,,,,12.15,12.15,11.88,,,,0,5,2
2016-06-17 00:00:00,,,,12.08,12.195,11.98,,,,,,
2016-06-20 00:00:00,,,,12.37,12.45,12.2,,,,0,5,2
2016-06-21 00:00:00,,,,12.29,12.39,12.16,,,,,,
2016-06-22 00:00:00,,,,12.23,12.35,12.04,,,,,,
2016-06-23 00:00:00,,,,12.3,12.49,12.3,,,,,,
2016-06-24 00:00:00,,,,11.69,11.97,11.49,,,,,,
2016-06-27 00:00:00,,,,11.5,11.525,11.01,,,,,,
2016-06-28 00:00:00,,,,11.22,11.48,11.22,,,,,,
2016-06-29 00:00:00,,,,11.59,11.73,11.45,,,,,,
2016-06-30 00:00:00,,,,11.78,11.96,11.45,,,,0,5,2
2016-07-01 00:00:00,,,,11.94,12.35,11.94,,,,,,
2016-07-05 00:00:00,,,,12.17,12.3,11.59,,,,,,
2016-07-06 00:00:00,,,,11.71,11.83,11.53,,,,0,5,2
2016-07-07 00:00:00,,,,11.8,12.3,11.8,,,,,,
2016-07-08 00:00:00,,,,12.35,12.72,12.24,,,,,,
2016-07-11 00:00:00,,,,12.82,13.155,12.81,,,,,,
2016-07-12 00:00:00,,,,13.3,13.845,13.27,,,,0,5,2
2016-07-13 00:00:00,,,,13.73,13.73,13.42,,,,,,
2016-07-14 00:00:00,,,,13.86,13.94,13.63,,,,,,
2016-07-15 00:00:00,,,,13.81,13.905,13.71,,,,,,
2016-07-18 00:00:00,,,7.082,13.82,13.995,13.82,,,,0,5,2
2016-07-19 00:00:00,,,7.026,13.86,13.925,13.705,,,,0,5,2
2016-07-20 00:00:00,,,7.269,14,14.465,13.8,,,,0,4,3
2016-07-21 00:00:00,,,,14.22,14.48,14.15,,,,0,4,3
2016-07-22 00:00:00,,,,14.32,14.43,14.23,,,,,,
2016-07-25 00:00:00,,,,14.38,14.38,14.14,,,,0,3,3
2016-07-26 00:00:00,,,,14.18,14.4,14.1,,,,0,4,3
2016-07-27 00:00:00,,,,14.27,14.47,14.03,,,,,,
2016-07-28 00:00:00,,,,14.11,14.23,13.97,,,,,,
2016-07-29 00:00:00,,,,14,14.22,13.9,,,,,,
2016-08-01 00:00:00,,,,14.17,14.26,13.975,,,,,,
2016-08-02 00:00:00,,,,13.98,14.09,13.52,,,,0,4,3
2016-08-03 00:00:00,,,,13.54,13.835,13.53,,,,,,
2016-08-04 00:00:00,,,,13.8,14.305,13.8,,,,,,
2016-08-05 00:00:00,,,,14.37,14.59,14.34,,,,,,
2016-08-08 00:00:00,,,,14.57,14.65,14.3,,,,,,
2016-08-09 00:00:00,,,,14.39,14.49,14.19,,,,,,
2016-08-10 00:00:00,,,,14.21,14.21,13.555,,,,,,
2016-08-11 00:00:00,,,,13.7,13.8,13.59,,,,,,
2016-08-12 00:00:00,,,,13.61,13.61,13.32,,,,,,
2016-08-15 00:00:00,,,,13.57,13.835,13.5,,,,,,
2016-08-16 00:00:00,,,,13.72,13.96,13.63,,,,,,
2016-08-17 00:00:00,,,,13.98,14.62,13.9,,,,,,
2016-08-18 00:00:00,,,,14.57,14.65,14.44,,,,,,
2016-08-19 00:00:00,,,,14.47,14.51,14.15,,,,,,
2016-08-22 00:00:00,,,,14.12,14.38,14.03,,,,,,
2016-08-23 00:00:00,,,,14.46,14.6,14.46,,,,,,
2016-08-24 00:00:00,,,,14.49,14.67,14.315,,,,,,
2016-08-25 00:00:00,,,,14.36,14.41,14.255,,,,,,
2016-08-26 00:00:00,,,,14.42,14.59,14.13,,,,,,
2016-08-29 00:00:00,,,,14.23,14.39,14.17,,,,,,
2016-08-30 00:00:00,,,,14.17,14.46,14.17,,,,,,
2016-08-31 00:00:00,,,,14.25,14.52,14.115,,,,,,
2016-09-01 00:00:00,,,,14.44,14.535,14.15,,,,,,
2016-09-02 00:00:00,,,,14.45,14.53,14.33,,,,,,
2016-09-06 00:00:00,,,,14.49,14.5,14.23,14.38,,,,,
2016-09-07 00:00:00,,,,14.34,14.74,14.28,14.7,,,0,4,3
2016-09-08 00:00:00,,,,14.72,14.81,14.675,14.68,,,,,
2016-09-09 00:00:00,,,,14.61,14.7,14.23,14.23,,,,,
2016-09-12 00:00:00,,,,14.09,14.52,13.94,14.4,,,,,
2016-09-13 00:00:00,,,,14.19,14.23,13.67,13.8,,,,,
2016-09-14 00:00:00,,,,13.78,13.85,13.42,13.56,,,0,4,3
2016-09-15 00:00:00,,,,13.56,13.97,13.49,13.83,,,0,4,3
2016-09-16 00:00:00,,,,13.66,13.76,13.46,13.58,,,,,
2016-09-19 00:00:00,,,,13.73,13.98,13.73,13.77,,,,,
2016-09-20 00:00:00,,,,13.88,13.96,13.78,13.79,,,,,
2016-09-21 00:00:00,,,,13.86,13.9,13.14,13.28,,,,,
2016-09-22 00:00:00,,,,13.37,13.785,13.34,13.72,,,,,
2016-09-23 00:00:00,,,,13.7,14.005,13.695,13.88,,,,,
2016-09-26 00:00:00,,,,13.88,13.9,13.73,13.88,,,,,
2016-09-27 00:00:00,,,,13.94,14.56,13.92,14.49,,,0,4,3
2016-09-28 00:00:00,,,,14.52,14.63,14.295,14.56,,,,,
2016-09-29 00:00:00,,,,14.55,14.66,14.165,14.31,,,,,
2016-09-30 00:00:00,,,,14.41,14.675,14.12,14.47,,,,,
2016-10-03 00:00:00,,,,14.37,14.49,14.24,14.33,,,,,
2016-10-04 00:00:00,,,,14.35,14.7,14.32,14.64,,,,,
2016-10-05 00:00:00,,,,14.73,14.91,14.67,14.78,,,0,4,3
2016-10-06 00:00:00,,,,14.75,14.825,14.555,14.71,,,,,
2016-10-07 00:00:00,,,,14.72,14.74,14.54,14.56,,,,,
2016-10-10 00:00:00,,,,14.69,14.74,14.34,14.37,,,,,
2016-10-11 00:00:00,,,,14.33,14.35,14.035,14.11,,,0,4,3
2016-10-12 00:00:00,,,,14.13,14.25,14.1,14.11,,,,,
2016-10-13 00:00:00,,,,13.97,14.02,13.78,13.9,,,,,
2016-10-14 00:00:00,,,7.039,14.04,14.14,13.84,13.91,,,0,4,3
2016-10-17 00:00:00,,,6.865,13.87,13.97,13.53,13.565,,,0,4,3
2016-10-18 00:00:00,,,6.888,13.74,13.81,13.41,13.61,,,0,4,3
2016-10-19 00:00:00,,,6.905,14,14.13,13.275,13.45,,,0,4,3
2016-10-20 00:00:00,,,6.764,13.35,13.63,13.14,13.21,,,0,4,3
2016-10-21 00:00:00,,,6.672,13.15,13.27,13.02,13.03,,,0,4,3
2016-10-24 00:00:00,,,6.754,13.1,13.34,13.1,13.19,,,,,
2016-10-25 00:00:00,,,6.733,13.11,13.27,13.01,13.15,,,,,
2016-10-26 00:00:00,,,6.728,13.08,13.25,13.02,13.14,,,,,
2016-10-27 00:00:00,,,6.569,13.19,13.2,12.83,12.83,,,0,4,3
2016-10-28 00:00:00,,,6.605,12.87,13.15,12.835,12.9,,,,,
2016-10-31 00:00:00,,,6.5440000000000005,12.92,12.99,12.67,12.78,,,,,
2016-11-01 00:00:00,,,6.672,12.87,13.06,12.775,13.03,,,,,
2016-11-02 00:00:00,,,6.795,13.03,13.325,12.99,13.27,,,,,
2016-11-03 00:00:00,,,6.774,13.28,13.55,13.205,13.23,,,,,
2016-11-04 00:00:00,,,6.82,13.28,13.64,13.19,13.32,,,,,
2016-11-07 00:00:00,,,6.943,13.63,13.79,13.47,13.56,,,,,
2016-11-08 00:00:00,,,6.892,13.54,13.68,13.325,13.46,,,,,
2016-11-09 00:00:00,,,8.075,14.7,16.23,14.68,15.77,,,,,
2016-11-10 00:00:00,,,8.623,16.02,16.89,16.01,16.84,,,,,
2016-11-11 00:00:00,,,8.73,16.76,17.075,16.6,17.05,,,,,
2016-11-14 00:00:00,,,9.007,17.13,17.615,17.13,17.59,,,0,4,3
2016-11-15 00:00:00,,,8.92,17.35,17.48,16.72,17.42,,,,,
2016-11-16 00:00:00,,,9.058,17.26,17.765,17.08,17.69,,,,,
2016-11-17 00:00:00,,,9.058,17.73,17.78,17.6,17.69,,,,,
2016-11-18 00:00:00,,,9.022,17.74,17.75,17.55,17.62,,,,,
2016-11-21 00:00:00,,,9.073,17.74,17.86,17.605,17.72,,,,,
2016-11-22 00:00:00,,,8.93,17.81,17.93,17.41,17.44,,,,,
2016-11-23 00:00:00,,,9.14,17.52,17.91,17.475,17.85,,,,,
2016-11-24 00:00:00,,,9.14,,,,,,,,,
2016-11-25 00:00:00,,,9.037,17.86,17.86,17.47,17.65,,,,,
2016-11-28 00:00:00,,,8.955,17.56,17.705,17.24,17.49,,,,,
2016-11-29 00:00:00,,,8.802,17.51,17.69,17.17,17.19,,,,,
2016-11-30 00:00:00,,,8.822,17.27,17.43,17.19,17.23,,,0,4,3
2016-12-01 00:00:00,,,8.669,17.35,17.54,16.865,16.93,,6211,,,
2016-12-02 00:00:00,,,8.53,16.93,17.075,16.61,16.66,,4425,,,
2016-12-05 00:00:00,,,8.705,16.85,17.05,16.77,17,,3968,,,
2016-12-06 00:00:00,,,8.72,16.97,17.15,16.675,17.03,,4577,,,
2016-12-07 00:00:00,,,8.866,17.01,17.48,16.87,17.28,,5394,0,4,4
2016-12-08 00:00:00,,,8.755,17.1,17.32,16.63,17.09,,9272,0,4,3
2016-12-09 00:00:00,,,8.868,17.2,17.43,17.01,17.31,,5968,,,
2016-12-12 00:00:00,,,8.555,17.31,17.31,16.53,16.7,,5425,,,
2016-12-13 00:00:00,,,8.381,16.85,16.94,16.315,16.36,,5352,,,
2016-12-14 00:00:00,,,8.386,16.32,16.74,16.14,16.37,,7043,,,
2016-12-15 00:00:00,,,8.607,16.42,16.97,16.29,16.8,,7084,,,
2016-12-16 00:00:00,,,8.386,16.74,16.885,16.25,16.37,,6529,,,
2016-12-19 00:00:00,,,8.55,16.44,16.74,16.44,16.69,,5506,,,
2016-12-20 00:00:00,,,8.571,16.76,16.8,16.555,16.73,,4829,,,
2016-12-21 00:00:00,,,8.55,16.75,16.82,16.63,16.69,,3634,,,
2016-12-22 00:00:00,,,8.519,16.68,16.71,16.44,16.63,,3574,0,4,3
2016-12-23 00:00:00,,,8.535,16.58,16.71,16.49,16.66,,2094,,,
2016-12-26 00:00:00,,,8.535,,,,,,,,,
2016-12-27 00:00:00,,,8.545,16.67,16.795,16.54,16.68,,1961,,,
2016-12-28 00:00:00,,,8.427,16.69,16.69,16.34,16.45,,3286,,,
2016-12-29 00:00:00,,,8.391,16.44,16.68,16.28,16.38,,2461,,,
2016-12-30 00:00:00,,,8.417,16.41,16.53,16.26,16.43,,2772,,,
2017-01-02 00:00:00,,,8.417,,,,,,,,,
2017-01-03 00:00:00,,,8.514,16.64,16.89,16.365,16.62,,5749,,,
2017-01-04 00:00:00,,,8.622,16.33,16.84,16.33,16.83,,4770,0,3,4
2017-01-05 00:00:00,,,8.467,16.8,16.945,16.445,16.52,,4029,0,4,4
2017-01-06 00:00:00,,,8.616,16.68,16.945,16.57,16.81,,4618,0,4,4
2017-01-09 00:00:00,,,8.523,16.75,16.75,16.425,16.5,,3786,0,4,4
2017-01-10 00:00:00,,,8.688,16.61,16.92,16.58,16.82,,4592,,,
2017-01-11 00:00:00,,,8.704,16.8,16.86,16.63,16.85,,4379,,,
2017-01-12 00:00:00,,,8.549,16.77,16.81,16.29,16.55,,4828,,,
2017-01-13 00:00:00,,,8.704,16.64,17.04,16.58,16.85,,4936,,,
2017-01-16 00:00:00,,,8.686,,,,,,,,,
2017-01-17 00:00:00,,,8.205,16.58,16.6,15.68,15.77,,7231,0,3,5
2017-01-18 00:00:00,,,8.350999999999999,15.78,16.07,15.06,16.05,,13183,0,3,5
2017-01-19 00:00:00,,,8.252,15.87,15.92,15.57,15.86,,5076,0,3,5
2017-01-20 00:00:00,,,8.304,15.94,16.25,15.78,15.96,,6608,,,
2017-01-23 00:00:00,,,8.278,15.93,16.16,15.71,15.91,,4096,,,
2017-01-24 00:00:00,,,8.434,16,16.285,15.85,16.21,,5979,0,3,5
2017-01-25 00:00:00,,,8.438,15.19,15.785,15.13,15.72,,7895,0,3,5
2017-01-26 00:00:00,,,8.373,15.5,15.5,15.205,15.29,,5325,0,3,5
2017-01-27 00:00:00,,,8.33,15.25,15.31,15.125,15.21,,4664,,,
2017-01-30 00:00:00,,,8.261,15.04,15.13,14.78,15.11,,4641,0,3,6
2017-01-31 00:00:00,,,8.223,15.07,15.28,14.76,15.04,,5347,,,
2017-02-01 00:00:00,,,8.201,15.17,15.39,14.95,15,,5450,,,
2017-02-02 00:00:00,,,8.261,14.94,15.235,14.94,15.11,,4698,,,
2017-02-03 00:00:00,,,8.469,15.22,15.505,15.14,15.49,,4028,,,
2017-02-06 00:00:00,,,8.464,15.39,15.61,15.3,15.48,,3710,,,
2017-02-07 00:00:00,,,8.382,15.48,15.55,15.21,15.33,,3731,,,
2017-02-08 00:00:00,,,8.36,15.26,15.35,15.09,15.29,,3511,0,3,6
2017-02-09 00:00:00,,,8.414,15.38,15.51,15.245,15.39,,3574,,,
2017-02-10 00:00:00,,,8.518,15.47,15.66,15.39,15.58,,2681,,,
2017-02-13 00:00:00,,,8.562,15.67,15.835,15.57,15.66,,3061,,,
2017-02-14 00:00:00,,,8.633,15.53,15.86,15.53,15.79,,3774,,,
2017-02-15 00:00:00,,,8.578,15.71,15.78,15.54,15.69,,4578,,,
2017-02-16 00:00:00,,,8.469,15.66,15.76,15.44,15.49,,3535,,,
2017-02-17 00:00:00,,,8.447,15.43,15.5,15.24,15.45,,2909,,,
2017-02-20 00:00:00,,,8.447,,,,,,,,,
2017-02-21 00:00:00,,,8.453,15.45,15.76,15.42,15.46,,3347,0,3,6
2017-02-22 00:00:00,,,8.48,15.37,15.6,15.37,15.51,,2894,,,
2017-02-23 00:00:00,,,8.458,15.54,15.7,15.28,15.47,,2659,,,
2017-02-24 00:00:00,,,8.409,15.25,15.505,15.23,15.38,,3004,,,
2017-02-27 00:00:00,,,8.513,15.38,15.615,15.36,15.57,,2570,,,
2017-02-28 00:00:00,,,8.425,15.55,15.57,15.19,15.41,,4731,,,
2017-03-01 00:00:00,,,8.387,15.44,15.82,15.29,15.34,,5082,,,
2017-03-02 00:00:00,,,8.163,15.3,15.3,14.93,14.93,,4356,,,
2017-03-03 00:00:00,,,8.149,15.02,15.1,14.75,14.905,,4340,,,
2017-03-06 00:00:00,,,7.983,14.72,14.83,14.36,14.6,,5086,,,
2017-03-07 00:00:00,,,7.95,14.63,14.82,14.51,14.54,,3890,,,
2017-03-08 00:00:00,,,7.933,14.56,14.79,14.44,14.51,,3711,,,
2017-03-09 00:00:00,,,7.906,14.55,14.69,14.36,14.46,,2743,,,
2017-03-10 00:00:00,,,7.939,14.53,14.65,14.36,14.52,,3129,,,
2017-03-13 00:00:00,,,7.933,14.55,14.6,14.44,14.51,,2557,,,
2017-03-14 00:00:00,,,7.906,14.4,14.5,14.145,14.46,,3486,0,3,6
2017-03-15 00:00:00,,,8.015,14.52,14.75,14.49,14.66,,3203,,,
2017-03-16 00:00:00,,,8.004,14.78,14.83,14.52,14.64,,3808,,,
2017-03-17 00:00:00,,,8.196,14.69,15.01,14.62,14.99,,5880,0,3,6
2017-03-20 00:00:00,,,8.043,14.93,14.935,14.68,14.71,,4372,,,
2017-03-21 00:00:00,,,7.687,14.78,14.78,14.05,14.06,,7057,,,
2017-03-22 00:00:00,,,7.611,13.98,14,13.77,13.92,,7053,,,
2017-03-23 00:00:00,,,7.671,13.96,14.19,13.89,14.03,,5027,,,
2017-03-24 00:00:00,,,7.649,14.02,14.11,13.875,13.99,,3969,,,
2017-03-27 00:00:00,,,7.654,13.79,14.015,13.67,14,,3648,,,
2017-03-28 00:00:00,,,7.928,13.96,14.62,13.95,14.5,,4714,,,
2017-03-29 00:00:00,,,7.939,14.49,14.65,14.4,14.52,,3412,,,
2017-03-30 00:00:00,,,8.13,14.53,14.925,14.49,14.87,,3161,,,
2017-03-31 00:00:00,,,8.07,14.82,14.91,14.73,14.76,,3298,,,
2017-04-03 00:00:00,,,8.025,14.83,14.9,14.54,14.75,,5235,0,3,6
2017-04-04 00:00:00,,,8.014,14.67,14.82,14.56,14.73,,3336,,,
2017-04-05 00:00:00,,,7.851,14.85,14.97,14.41,14.43,,4866,,,
2017-04-06 00:00:00,,,7.9719999999999995,14.44,14.72,14.36,14.62,,3826,0,3,6
2017-04-07 00:00:00,,,8.004,14.56,14.78,14.47,14.68,,3488,,,
2017-04-10 00:00:00,,,7.942,14.73,14.88,14.585,14.63,,3208,0,3,6
2017-04-11 00:00:00,,,8.084,14.52,14.9,14.46,14.89,,3924,,,
2017-04-12 00:00:00,,,7.964,14.88,14.92,14.58,14.67,,4551,0,3,6
2017-04-13 00:00:00,,,7.97,14.6,14.94,14.6,14.68,,5049,0,3,6
2017-04-14 00:00:00,,,7.97,,,,,,,,,
2017-04-17 00:00:00,,,8.105,14.71,14.95,14.63,14.93,,2858,0,3,6
2017-04-18 00:00:00,,,8.17,14.81,15.12,14.8,15.05,,4577,0,3,6
2017-04-19 00:00:00,,,8.016,15.1,15.18,14.15,15.11,,9561,0,3,6
2017-04-20 00:00:00,,,8.453,15.13,16.125,15.1,16.01,,7571,0,3,6
2017-04-21 00:00:00,,,8.332,16,16.39,15.775,15.78,,7524,,,
2017-04-24 00:00:00,,,8.321,16.16,16.23,15.76,15.76,,6246,,,
2017-04-25 00:00:00,,,8.379,15.88,15.98,15.8,15.87,,3963,,,
2017-04-26 00:00:00,,,8.374,15.92,16.05,15.73,15.86,,3945,,,
2017-04-27 00:00:00,,,8.205,15.86,15.88,15.535,15.54,,4602,,,
2017-04-28 00:00:00,,,8.025,15.51,15.51,15.12,15.2,,3715,,,
2017-05-01 00:00:00,,,8.157,15.23,15.48,15.205,15.45,,3773,,,
2017-05-02 00:00:00,,,8.136,15.46,15.51,15.28,15.41,,3913,0,3,6
2017-05-03 00:00:00,,,8.157,15.34,15.5,15.295,15.45,,3578,,,
2017-05-04 00:00:00,,,8.004,15.5,15.63,15.115,15.16,,3456,,,
2017-05-05 00:00:00,,,7.909,15.18,15.25,14.97,14.98,,2493,,,
2017-05-08 00:00:00,,,7.782,15.02,15.08,14.68,14.74,,3056,,,
2017-05-09 00:00:00,,,7.709,14.74,14.81,14.52,14.6,,4234,,,
2017-05-10 00:00:00,,,7.64,14.52,14.59,14.21,14.47,,4466,,,
2017-05-11 00:00:00,,,7.577,14.4,14.46,14.17,14.35,,4059,,,
2017-05-12 00:00:00,,,7.392,14.3,14.32,13.96,14,,3547,,,
2017-05-15 00:00:00,,,7.603,14.01,14.4,14.01,14.4,,3276,,,
2017-05-16 00:00:00,,,7.614,14.4,14.495,14.32,14.42,,2934,,,
2017-05-17 00:00:00,,,7.202,14.12,14.185,13.62,13.64,,4519,,,
2017-05-18 00:00:00,,,7.239,13.62,13.81,13.36,13.71,,4734,,,
2017-05-19 00:00:00,,,7.36,13.73,14.135,13.66,13.94,,3968,,,
2017-05-22 00:00:00,,,7.429,14.06,14.13,13.925,14.07,,3465,0,3,6
2017-05-23 00:00:00,,,7.518,14.05,14.34,13.98,14.24,,4093,,,
2017-05-24 00:00:00,,,7.608,14.29,14.42,14.19,14.41,,3559,,,
2017-05-25 00:00:00,,,7.598,14.4,14.595,14.31,14.39,,3639,,,
2017-05-26 00:00:00,,,7.645,14.33,14.555,14.27,14.48,,3041,,,
,,,,,,,,,,,,
,,,,,,,,,,,,
,,,,,,,,,,,,
,,,,,,,,,,,,
,,,,,,,,,,,,
,,,,,,,,,,,,
,,,,,,,,,,,,
,,,,,,,,,,,,
,,,,,,,,,,,,
,,,,,,,,,,,,
,,,,,,,,,,,,
,,,,,,,,,,,,
,,,,,,,,,,,,
,,,,,,,,,,,,
,,,,,,,,,,,,
,,,,,,,,,,,,
,,,,,,,,,,,,
,,,,,,,,,,,,
,,,,,,,,,,,,
,,,,,,,,,,,,
,,,,,,,,,,,,
,,,,,,,,,,,,
,,,,,,,,,,,,
,,,,,,,,,,,,
,,,,,,,,,,,,
,,,,,,,,,,,,
,,,,,,,,,,,,
,,,,,,,,,,,,
,,,,,,,,,,,,
,,,,,,,,,,,,
,,,,,,,,,,,,
,,,,,,,,,,,,
,,,,,,,,,,,,
,,,,,,,,,,,,
,,,,,,,,,,,,
,,,,,,,,,,,,
,,,,,,,,,,,,
,,,,,,,,,,,,
,,,,,,,,,,,,
,,,,,,,,,,,,
,,,,,,,,,,,,
,,,,,,,,,,,,
,,,,,,,,,,,,
,,,,,,,,,,,,
,,,,,,,,,,,,
,,,,,,,,,,,,
,,,,,,,,,,,,
,,,,,,,,,,,,
,,,,,,,,,,,,
,,,,,,,,,,,,
,,,,,,,,,,,,
,,,,,,,,,,,,
,,,,,,,,,,,,
,,,,,,,,,,,,
,,,,,,,,,,,,
,,,,,,,,,,,,
,,,,,,,,,,,,
,,,,,,,,,,,,
,,,,,,,,,,,,
,,,,,,,,,,,,
,,,,,,,,,,,,
,,,,,,,,,,,,
,,,,,,,,,,,,
,,,,,,,,,,,,
,,,,,,,,,,,,
,,,,,,,,,,,,
,,,,,,,,,,,,
,,,,,,,,,,,,
,,,,,,,,,,,,
,,,,,,,,,,,,
,,,,,,,,,,,,
,,,,,,,,,,,,
,,,,,,,,,,,,
,,,,,,,,,,,,
,,,,,,,,,,,,
,,,,,,,,,,,,
,,,,,,,,,,,,
,,,,,,,,,,,,
,,,,,,,,,,,,
,,,,,,,,,,,,
,,,,,,,,,,,,
,,,,,,,,,,,,
,,,,,,,,,,,,
,,,,,,,,,,,,
,,,,,,,,,,,,
,,,,,,,,,,,,
,,,,,,,,,,,,
,,,,,,,,,,,,
,,,,,,,,,,,,
,,,,,,,,,,,,
,,,,,,,,,,,,
,,,,,,,,,,,,
,,,,,,,,,,,,
,,,,,,,,,,,,
,,,,,,,,,,,,
,,,,,,,,,,,,
,,,,,,,,,,,,
,,,,,,,,,,,,
,,,,,,,,,,,,
,,,,,,,,,,,,
,,,,,,,,,,,,
,,,,,,,,,,,,
,,,,,,,,,,,,
,,,,,,,,,,,,
,,,,,,,,,,,,
,,,,,,,,,,,,
,,,,,,,,,,,,
,,,,,,,,,,,,
,,,,,,,,,,,,
,,,,,,,,,,,,
,,,,,,,,,,,,
,,,,,,,,,,,,
,,,,,,,,,,,,
,,,,,,,,,,,,
,,,,,,,,,,,,
,,,,,,,,,,,,
,,,,,,,,,,,,
,,,,,,,,,,,,
,,,,,,,,,,,,
,,,,,,,,,,,,
,,,,,,,,,,,,
,,,,,,,,,,,,
,,,,,,,,,,,,
,,,,,,,,,,,,
,,,,,,,,,,,,
,,,,,,,,,,,,
,,,,,,,,,,,,
,,,,,,,,,,,,
,,,,,,,,,,,,
,,,,,,,,,,,,
,,,,,,,,,,,,
,,,,,,,,,,,,
,,,,,,,,,,,,
,,,,,,,,,,,,
,,,,,,,,,,,,
,,,,,,,,,,,,
,,,,,,,,,,,,
,,,,,,,,,,,,
,,,,,,,,,,,,
,,,,,,,,,,,,
,,,,,,,,,,,,
,,,,,,,,,,,,
,,,,,,,,,,,,
,,,,,,,,,,,,
,,,,,,,,,,,,
,,,,,,,,,,,,
,,,,,,,,,,,,
,,,,,,,,,,,,
,,,,,,,,,,,,
,,,,,,,,,,,,
,,,,,,,,,,,,
,,,,,,,,,,,,
,,,,,,,,,,,,
,,,,,,,,,,,,
,,,,,,,,,,,,
,,,,,,,,,,,,
,,,,,,,,,,,,
,,,,,,,,,,,,
,,,,,,,,,,,,
,,,,,,,,,,,,
,,,,,,,,,,,,
,,,,,,,,,,,,
,,,,,,,,,,,,
,,,,,,,,,,,,
,,,,,,,,,,,,
,,,,,,,,,,,,
,,,,,,,,,,,,
,,,,,,,,,,,,
,,,,,,,,,,,,
,,,,,,,,,,,,
,,,,,,,,,,,,
,,,,,,,,,,,,
,,,,,,,,,,,,
,,,,,,,,,,,,
,,,,,,,,,,,,
,,,,,,,,,,,,
,,,,,,,,,,,,
,,,,,,,,,,,,
,,,,,,,,,,,,
,,,,,,,,,,,,
,,,,,,,,,,,,
,,,,,,,,,,,,
,,,,,,,,,,,,
,,,,,,,,,,,,
,,,,,,,,,,,,
,,,,,,,,,,,,
,,,,,,,,,,,,
,,,,,,,,,,,,
,,,,,,,,,,,,
,,,,,,,,,,,,
,,,,,,,,,,,,
,,,,,,,,,,,,
,,,,,,,,,,,,
,,,,,,,,,,,,
,,,,,,,,,,,,
,,,,,,,,,,,,
,,,,,,,,,,,,
,,,,,,,,,,,,
,,,,,,,,,,,,
,,,,,,,,,,,,
,,,,,,,,,,,,
,,,,,,,,,,,,
,,,,,,,,,,,,
,,,,,,,,,,,,
,,,,,,,,,,,,
,,,,,,,,,,,,
,,,,,,,,,,,,
,,,,,,,,,,,,
,,,,,,,,,,,,
,,,,,,,,,,,,
,,,,,,,,,,,,
,,,,,,,,,,,,
,,,,,,,,,,,,
,,,,,,,,,,,,
,,,,,,,,,,,,
,,,,,,,,,,,,
,,,,,,,,,,,,
,,,,,,,,,,,,
,,,,,,,,,,,,
,,,,,,,,,,,,
,,,,,,,,,,,,
,,,,,,,,,,,,
,,,,,,,,,,,,
,,,,,,,,,,,,
,,,,,,,,,,,,
,,,,,,,,,,,,
,,,,,,,,,,,,
,,,,,,,,,,,,
,,,,,,,,,,,,
,,,,,,,,,,,,
,,,,,,,,,,,,
,,,,,,,,,,,,
,,,,,,,,,,,,
,,,,,,,,,,,,
,,,,,,,,,,,,
,,,,,,,,,,,,
,,,,,,,,,,,,
,,,,,,,,,,,,
,,,,,,,,,,,,
,,,,,,,,,,,,
,,,,,,,,,,,,
,,,,,,,,,,,,
,,,,,,,,,,,,
,,,,,,,,,,,,
,,,,,,,,,,,,
,,,,,,,,,,,,
,,,,,,,,,,,,
,,,,,,,,,,,,
,,,,,,,,,,,,
,,,,,,,,,,,,
,,,,,,,,,,,,
,,,,,,,,,,,,
,,,,,,,,,,,,
,,,,,,,,,,,,
,,,,,,,,,,,,
,,,,,,,,,,,,
,,,,,,,,,,,,
,,,,,,,,,,,,
,,,,,,,,,,,,
,,,,,,,,,,,,
,,,,,,,,,,,,
,,,,,,,,,,,,
,,,,,,,,,,,,
,,,,,,,,,,,,
,,,,,,,,,,,,
,,,,,,,,,,,,
,,,,,,,,,,,,
,,,,,,,,,,,,
,,,,,,,,,,,,
,,,,,,,,,,,,
,,,,,,,,,,,,
,,,,,,,,,,,,
,,,,,,,,,,,,
,,,,,,,,,,,,
,,,,,,,,,,,,
,,,,,,,,,,,,
,,,,,,,,,,,,
,,,,,,,,,,,,
,,,,,,,,,,,,
,,,,,,,,,,,,
,,,,,,,,,,,,
,,,,,,,,,,,,
,,,,,,,,,,,,
,,,,,,,,,,,,
,,,,,,,,,,,,
,,,,,,,,,,,,
,,,,,,,,,,,,
,,,,,,,,,,,,
,,,,,,,,,,,,
,,,,,,,,,,,,
,,,,,,,,,,,,
,,,,,,,,,,,,
,,,,,,,,,,,,
,,,,,,,,,,,,
,,,,,,,,,,,,
,,,,,,,,,,,,
,,,,,,,,,,,,
,,,,,,,,,,,,
,,,,,,,,,,,,
,,,,,,,,,,,,
,,,,,,,,,,,,
,,,,,,,,,,,,
,,,,,,,,,,,,
,,,,,,,,,,,,
,,,,,,,,,,,,
,,,,,,,,,,,,
,,,,,,,,,,,,
,,,,,,,,,,,,
,,,,,,,,,,,,
,,,,,,,,,,,,
,,,,,,,,,,,,
,,,,,,,,,,,,
,,,,,,,,,,,,
,,,,,,,,,,,,
,,,,,,,,,,,,
,,,,,,,,,,,,
,,,,,,,,,,,,
,,,,,,,,,,,,
,,,,,,,,,,,,
,,,,,,,,,,,,
,,,,,,,,,,,,
,,,,,,,,,,,,
,,,,,,,,,,,,
,,,,,,,,,,,,
,,,,,,,,,,,,
,,,,,,,,,,,,
,,,,,,,,,,,,
,,,,,,,,,,,,
,,,,,,,,,,,,
,,,,,,,,,,,,
,,,,,,,,,,,,
,,,,,,,,,,,,
,,,,,,,,,,,,
,,,,,,,,,,,,
,,,,,,,,,,,,
,,,,,,,,,,,,
,,,,,,,,,,,,
,,,,,,,,,,,,
,,,,,,,,,,,,
,,,,,,,,,,,,
,,,,,,,,,,,,
,,,,,,,,,,,,
,,,,,,,,,,,,
,,,,,,,,,,,,
,,,,,,,,,,,,
,,,,,,,,,,,,
,,,,,,,,,,,,
,,,,,,,,,,,,
,,,,,,,,,,,,
,,,,,,,,,,,,
,,,,,,,,,,,,
,,,,,,,,,,,,
,,,,,,,,,,,,
,,,,,,,,,,,,
,,,,,,,,,,,,
,,,,,,,,,,,,
,,,,,,,,,,,,
,,,,,,,,,,,,
,,,,,,,,,,,,
,,,,,,,,,,,,
,,,,,,,,,,,,
,,,,,,,,,,,,
,,,,,,,,,,,,
,,,,,,,,,,,,
,,,,,,,,,,,,
,,,,,,,,,,,,
,,,,,,,,,,,,
,,,,,,,,,,,,
,,,,,,,,,,,,
,,,,,,,,,,,,
,,,,,,,,,,,,
,,,,,,,,,,,,
,,,,,,,,,,,,
,,,,,,,,,,,,
,,,,,,,,,,,,
,,,,,,,,,,,,
,,,,,,,,,,,,
,,,,,,,,,,,,
,,,,,,,,,,,,
,,,,,,,,,,,,
,,,,,,,,,,,,
,,,,,,,,,,,,
,,,,,,,,,,,,
,,,,,,,,,,,,
,,,,,,,,,,,,
,,,,,,,,,,,,
,,,,,,,,,,,,
,,,,,,,,,,,,
,,,,,,,,,,,,
,,,,,,,,,,,,
,,,,,,,,,,,,
,,,,,,,,,,,,
,,,,,,,,,,,,
,,,,,,,,,,,,
,,,,,,,,,,,,
,,,,,,,,,,,,
,,,,,,,,,,,,
,,,,,,,,,,,,
,,,,,,,,,,,,
,,,,,,,,,,,,
,,,,,,,,,,,,
,,,,,,,,,,,,
,,,,,,,,,,,,
,,,,,,,,,,,,
,,,,,,,,,,,,
,,,,,,,,,,,,
,,,,,,,,,,,,
,,,,,,,,,,,,
,,,,,,,,,,,,
,,,,,,,,,,,,
,,,,,,,,,,,,
,,,,,,,,,,,,
,,,,,,,,,,,,
,,,,,,,,,,,,
,,,,,,,,,,,,
,,,,,,,,,,,,
,,,,,,,,,,,,
,,,,,,,,,,,,
,,,,,,,,,,,,
,,,,,,,,,,,,
,,,,,,,,,,,,
,,,,,,,,,,,,
,,,,,,,,,,,,
,,,,,,,,,,,,
,,,,,,,,,,,,
,,,,,,,,,,,,
,,,,,,,,,,,,
,,,,,,,,,,,,
,,,,,,,,,,,,
,,,,,,,,,,,,
,,,,,,,,,,,,
,,,,,,,,,,,,
,,,,,,,,,,,,
,,,,,,,,,,,,
,,,,,,,,,,,,
,,,,,,,,,,,,
,,,,,,,,,,,,
,,,,,,,,,,,,
,,,,,,,,,,,,
,,,,,,,,,,,,
,,,,,,,,,,,,
,,,,,,,,,,,,
,,,,,,,,,,,,
,,,,,,,,,,,,
,,,,,,,,,,,,
,,,,,,,,,,,,
,,,,,,,,,,,,
,,,,,,,,,,,,
,,,,,,,,,,,,
,,,,,,,,,,,,
,,,,,,,,,,,,
,,,,,,,,,,,,
,,,,,,,,,,,,
,,,,,,,,,,,,
,,,,,,,,,,,,
,,,,,,,,,,,,
,,,,,,,,,,,,
,,,,,,,,,,,,
,,,,,,,,,,,,
,,,,,,,,,,,,
,,,,,,,,,,,,
,,,,,,,,,,,,
,,,,,,,,,,,,
,,,,,,,,,,,,
,,,,,,,,,,,,
,,,,,,,,,,,,
,,,,,,,,,,,,
,,,,,,,,,,,,
,,,,,,,,,,,,
,,,,,,,,,,,,
,,,,,,,,,,,,
,,,,,,,,,,,,
,,,,,,,,,,,,
,,,,,,,,,,,,
,,,,,,,,,,,,
,,,,,,,,,,,,
,,,,,,,,,,,,
,,,,,,,,,,,,
,,,,,,,,,,,,
,,,,,,,,,,,,
,,,,,,,,,,,,
,,,,,,,,,,,,
,,,,,,,,,,,,
,,,,,,,,,,,,
,,,,,,,,,,,,
,,,,,,,,,,,,
,,,,,,,,,,,,
,,,,,,,,,,,,
,,,,,,,,,,,,
,,,,,,,,,,,,
,,,,,,,,,,,,
,,,,,,,,,,,,
,,,,,,,,,,,,
,,,,,,,,,,,,
,,,,,,,,,,,,
,,,,,,,,,,,,
,,,,,,,,,,,,
,,,,,,,,,,,,
,,,,,,,,,,,,
,,,,,,,,,,,,
,,,,,,,,,,,,
,,,,,,,,,,,,
,,,,,,,,,,,,
,,,,,,,,,,,,
,,,,,,,,,,,,
,,,,,,,,,,,,
,,,,,,,,,,,,
,,,,,,,,,,,,
,,,,,,,,,,,,
,,,,,,,,,,,,
,,,,,,,,,,,,
,,,,,,,,,,,,
,,,,,,,,,,,,
,,,,,,,,,,,,
,,,,,,,,,,,,
,,,,,,,,,,,,
,,,,,,,,,,,,
,,,,,,,,,,,,
,,,,,,,,,,,,
,,,,,,,,,,,,
,,,,,,,,,,,,
,,,,,,,,,,,,
,,,,,,,,,,,,
,,,,,,,,,,,,
,,,,,,,,,,,,
,,,,,,,,,,,,
,,,,,,,,,,,,
,,,,,,,,,,,,
,,,,,,,,,,,,
,,,,,,,,,,,,
,,,,,,,,,,,,
,,,,,,,,,,,,
,,,,,,,,,,,,
,,,,,,,,,,,,
,,,,,,,,,,,,
,,,,,,,,,,,,
,,,,,,,,,,,,
,,,,,,,,,,,,
,,,,,,,,,,,,
,,,,,,,,,,,,
,,,,,,,,,,,,
,,,,,,,,,,,,
,,,,,,,,,,,,
,,,,,,,,,,,,
,,,,,,,,,,,,
,,,,,,,,,,,,
,,,,,,,,,,,,
,,,,,,,,,,,,
,,,,,,,,,,,,
,,,,,,,,,,,,
,,,,,,,,,,,,
,,,,,,,,,,,,
,,,,,,,,,,,,
,,,,,,,,,,,,
,,,,,,,,,,,,
,,,,,,,,,,,,
,,,,,,,,,,,,
,,,,,,,,,,,,
,,,,,,,,,,,,
,,,,,,,,,,,,
,,,,,,,,,,,,
,,,,,,,,,,,,
,,,,,,,,,,,,
,,,,,,,,,,,,
,,,,,,,,,,,,
,,,,,,,,,,,,
,,,,,,,,,,,,
,,,,,,,,,,,,
,,,,,,,,,,,,
,,,,,,,,,,,,
,,,,,,,,,,,,
,,,,,,,,,,,,
,,,,,,,,,,,,
,,,,,,,,,,,,
,,,,,,,,,,,,
,,,,,,,,,,,,
,,,,,,,,,,,,
,,,,,,,,,,,,
,,,,,,,,,,,,
,,,,,,,,,,,,
,,,,,,,,,,,,
,,,,,,,,,,,,
,,,,,,,,,,,,
,,,,,,,,,,,,
,,,,,,,,,,,,
,,,,,,,,,,,,
,,,,,,,,,,,,
,,,,,,,,,,,,
,,,,,,,,,,,,
,,,,,,,,,,,,
,,,,,,,,,,,,
,,,,,,,,,,,,
,,,,,,,,,,,,
,,,,,,,,,,,,
,,,,,,,,,,,,
,,,,,,,,,,,,
,,,,,,,,,,,,
,,,,,,,,,,,,
,,,,,,,,,,,,
,,,,,,,,,,,,
,,,,,,,,,,,,
,,,,,,,,,,,,
,,,,,,,,,,,,
,,,,,,,,,,,,
,,,,,,,,,,,,
,,,,,,,,,,,,
,,,,,,,,,,,,
,,,,,,,,,,,,
,,,,,,,,,,,,
,,,,,,,,,,,,
,,,,,,,,,,,,
,,,,,,,,,,,,
,,,,,,,,,,,,
,,,,,,,,,,,,
,,,,,,,,,,,,
,,,,,,,,,,,,
,,,,,,,,,,,,
,,,,,,,,,,,,
,,,,,,,,,,,,
,,,,,,,,,,,,
,,,,,,,,,,,,
,,,,,,,,,,,,
,,,,,,,,,,,,
,,,,,,,,,,,,
,,,,,,,,,,,,
,,,,,,,,,,,,
,,,,,,,,,,,,
,,,,,,,,,,,,
,,,,,,,,,,,,
,,,,,,,,,,,,
,,,,,,,,,,,,
,,,,,,,,,,,,
,,,,,,,,,,,,
,,,,,,,,,,,,
,,,,,,,,,,,,
,,,,,,,,,,,,
,,,,,,,,,,,,
,,,,,,,,,,,,
,,,,,,,,,,,,
,,,,,,,,,,,,
,,,,,,,,,,,,
,,,,,,,,,,,,
,,,,,,,,,,,,
,,,,,,,,,,,,
,,,,,,,,,,,,
,,,,,,,,,,,,
,,,,,,,,,,,,
,,,,,,,,,,,,
,,,,,,,,,,,,
,,,,,,,,,,,,
,,,,,,,,,,,,
,,,,,,,,,,,,
,,,,,,,,,,,,
,,,,,,,,,,,,
,,,,,,,,,,,,
,,,,,,,,,,,,
,,,,,,,,,,,,
,,,,,,,,,,,,
,,,,,,,,,,,,
,,,,,,,,,,,,
,,,,,,,,,,,,
,,,,,,,,,,,,
,,,,,,,,,,,,
,,,,,,,,,,,,
,,,,,,,,,,,,
,,,,,,,,,,,,
,,,,,,,,,,,,
,,,,,,,,,,,,
,,,,,,,,,,,,
,,,,,,,,,,,,
,,,,,,,,,,,,
,,,,,,,,,,,,
,,,,,,,,,,,,
,,,,,,,,,,,,
,,,,,,,,,,,,
,,,,,,,,,,,,
,,,,,,,,,,,,
,,,,,,,,,,,,
,,,,,,,,,,,,
,,,,,,,,,,,,
,,,,,,,,,,,,
,,,,,,,,,,,,
,,,,,,,,,,,,
,,,,,,,,,,,,
,,,,,,,,,,,,
,,,,,,,,,,,,
,,,,,,,,,,,,
,,,,,,,,,,,,
,,,,,,,,,,,,
,,,,,,,,,,,,
,,,,,,,,,,,,
,,,,,,,,,,,,
,,,,,,,,,,,,
,,,,,,,,,,,,
,,,,,,,,,,,,
,,,,,,,,,,,,
,,,,,,,,,,,,
,,,,,,,,,,,,
,,,,,,,,,,,,
,,,,,,,,,,,,
,,,,,,,,,,,,
,,,,,,,,,,,,
,,,,,,,,,,,,
,,,,,,,,,,,,
,,,,,,,,,,,,
,,,,,,,,,,,,
,,,,,,,,,,,,
,,,,,,,,,,,,
,,,,,,,,,,,,
,,,,,,,,,,,,
,,,,,,,,,,,,
,,,,,,,,,,,,
,,,,,,,,,,,,
,,,,,,,,,,,,
,,,,,,,,,,,,
,,,,,,,,,,,,
,,,,,,,,,,,,
,,,,,,,,,,,,
,,,,,,,,,,,,
,,,,,,,,,,,,
,,,,,,,,,,,,
,,,,,,,,,,,,
,,,,,,,,,,,,
,,,,,,,,,,,,
,,,,,,,,,,,,
,,,,,,,,,,,,
,,,,,,,,,,,,
,,,,,,,,,,,,
,,,,,,,,,,,,
,,,,,,,,,,,,
,,,,,,,,,,,,
,,,,,,,,,,,,
,,,,,,,,,,,,
,,,,,,,,,,,,
,,,,,,,,,,,,
,,,,,,,,,,,,
,,,,,,,,,,,,
,,,,,,,,,,,,
,,,,,,,,,,,,
,,,,,,,,,,,,
,,,,,,,,,,,,
,,,,,,,,,,,,
,,,,,,,,,,,,
,,,,,,,,,,,,
,,,,,,,,,,,,
,,,,,,,,,,,,
,,,,,,,,,,,,
,,,,,,,,,,,,
,,,,,,,,,,,,
,,,,,,,,,,,,
,,,,,,,,,,,,
,,,,,,,,,,,,
,,,,,,,,,,,,
,,,,,,,,,,,,
,,,,,,,,,,,,
,,,,,,,,,,,,
,,,,,,,,,,,,
,,,,,,,,,,,,
,,,,,,,,,,,,
,,,,,,,,,,,,
,,,,,,,,,,,,
,,,,,,,,,,,,
,,,,,,,,,,,,
,,,,,,,,,,,,
,,,,,,,,,,,,
,,,,,,,,,,,,
,,,,,,,,,,,,
,,,,,,,,,,,,
,,,,,,,,,,,,
,,,,,,,,,,,,
,,,,,,,,,,,,
,,,,,,,,,,,,
,,,,,,,,,,,,
,,,,,,,,,,,,
,,,,,,,,,,,,
,,,,,,,,,,,,
,,,,,,,,,,,,
,,,,,,,,,,,,
,,,,,,,,,,,,
,,,,,,,,,,,,
,,,,,,,,,,,,
,,,,,,,,,,,,
,,,,,,,,,,,,
,,,,,,,,,,,,
,,,,,,,,,,,,
,,,,,,,,,,,,
,,,,,,,,,,,,
,,,,,,,,,,,,
,,,,,,,,,,,,
,,,,,,,,,,,,
,,,,,,,,,,,,
,,,,,,,,,,,,
,,,,,,,,,,,,
,,,,,,,,,,,,
,,,,,,,,,,,,
,,,,,,,,,,,,
,,,,,,,,,,,,
,,,,,,,,,,,,
,,,,,,,,,,,,
,,,,,,,,,,,,
,,,,,,,,,,,,
,,,,,,,,,,,,
,,,,,,,,,,,,
,,,,,,,,,,,,
,,,,,,,,,,,,
,,,,,,,,,,,,
,,,,,,,,,,,,
,,,,,,,,,,,,
,,,,,,,,,,,,
,,,,,,,,,,,,
,,,,,,,,,,,,
,,,,,,,,,,,,
,,,,,,,,,,,,
,,,,,,,,,,,,
,,,,,,,,,,,,
,,,,,,,,,,,,
,,,,,,,,,,,,
,,,,,,,,,,,,
,,,,,,,,,,,,
,,,,,,,,,,,,
,,,,,,,,,,,,
,,,,,,,,,,,,
,,,,,,,,,,,,
,,,,,,,,,,,,
,,,,,,,,,,,,
,,,,,,,,,,,,
,,,,,,,,,,,,
,,,,,,,,,,,,
,,,,,,,,,,,,
,,,,,,,,,,,,
,,,,,,,,,,,,
,,,,,,,,,,,,
,,,,,,,,,,,,
,,,,,,,,,,,,
,,,,,,,,,,,,
,,,,,,,,,,,,
,,,,,,,,,,,,
,,,,,,,,,,,,
,,,,,,,,,,,,
,,,,,,,,,,,,
,,,,,,,,,,,,
,,,,,,,,,,,,
,,,,,,,,,,,,
,,,,,,,,,,,,
,,,,,,,,,,,,
,,,,,,,,,,,,
,,,,,,,,,,,,
,,,,,,,,,,,,
,,,,,,,,,,,,
,,,,,,,,,,,,
,,,,,,,,,,,,
,,,,,,,,,,,,
,,,,,,,,,,,,
,,,,,,,,,,,,
,,,,,,,,,,,,
,,,,,,,,,,,,
,,,,,,,,,,,,
,,,,,,,,,,,,
,,,,,,,,,,,,
,,,,,,,,,,,,
,,,,,,,,,,,,
,,,,,,,,,,,,
,,,,,,,,,,,,
,,,,,,,,,,,,
,,,,,,,,,,,,
,,,,,,,,,,,,
,,,,,,,,,,,,
,,,,,,,,,,,,
,,,,,,,,,,,,
,,,,,,,,,,,,
,,,,,,,,,,,,
,,,,,,,,,,,,
,,,,,,,,,,,,
,,,,,,,,,,,,
,,,,,,,,,,,,
,,,,,,,,,,,,
,,,,,,,,,,,,
,,,,,,,,,,,,
,,,,,,,,,,,,
,,,,,,,,,,,,
,,,,,,,,,,,,
,,,,,,,,,,,,
,,,,,,,,,,,,
,,,,,,,,,,,,
,,,,,,,,,,,,
,,,,,,,,,,,,
,,,,,,,,,,,,
,,,,,,,,,,,,
,,,,,,,,,,,,
,,,,,,,,,,,,
,,,,,,,,,,,,
,,,,,,,,,,,,
,,,,,,,,,,,,
,,,,,,,,,,,,
,,,,,,,,,,,,
,,,,,,,,,,,,
,,,,,,,,,,,,
,,,,,,,,,,,,
,,,,,,,,,,,,
,,,,,,,,,,,,
,,,,,,,,,,,,
,,,,,,,,,,,,
,,,,,,,,,,,,
,,,,,,,,,,,,
,,,,,,,,,,,,
,,,,,,,,,,,,
,,,,,,,,,,,,
,,,,,,,,,,,,
,,,,,,,,,,,,
,,,,,,,,,,,,
,,,,,,,,,,,,
,,,,,,,,,,,,
,,,,,,,,,,,,
,,,,,,,,,,,,
,,,,,,,,,,,,
,,,,,,,,,,,,
,,,,,,,,,,,,
,,,,,,,,,,,,
,,,,,,,,,,,,
,,,,,,,,,,,,
,,,,,,,,,,,,
,,,,,,,,,,,,
,,,,,,,,,,,,
,,,,,,,,,,,,
,,,,,,,,,,,,
,,,,,,,,,,,,
,,,,,,,,,,,,
,,,,,,,,,,,,
,,,,,,,,,,,,
,,,,,,,,,,,,
,,,,,,,,,,,,
,,,,,,,,,,,,
,,,,,,,,,,,,
,,,,,,,,,,,,
,,,,,,,,,,,,
,,,,,,,,,,,,
,,,,,,,,,,,,
,,,,,,,,,,,,
,,,,,,,,,,,,
,,,,,,,,,,,,
,,,,,,,,,,,,
,,,,,,,,,,,,
,,,,,,,,,,,,
,,,,,,,,,,,,
,,,,,,,,,,,,
,,,,,,,,,,,,
,,,,,,,,,,,,
,,,,,,,,,,,,
,,,,,,,,,,,,
,,,,,,,,,,,,
,,,,,,,,,,,,
,,,,,,,,,,,,
,,,,,,,,,,,,
,,,,,,,,,,,,
,,,,,,,,,,,,
,,,,,,,,,,,,
,,,,,,,,,,,,
,,,,,,,,,,,,
,,,,,,,,,,,,
,,,,,,,,,,,,
,,,,,,,,,,,,
,,,,,,,,,,,,
,,,,,,,,,,,,
,,,,,,,,,,,,
,,,,,,,,,,,,
,,,,,,,,,,,,
,,,,,,,,,,,,
,,,,,,,,,,,,
,,,,,,,,,,,,
,,,,,,,,,,,,
,,,,,,,,,,,,
,,,,,,,,,,,,
,,,,,,,,,,,,
,,,,,,,,,,,,
,,,,,,,,,,,,
,,,,,,,,,,,,
,,,,,,,,,,,,
,,,,,,,,,,,,
,,,,,,,,,,,,
,,,,,,,,,,,,
,,,,,,,,,,,,
,,,,,,,,,,,,
,,,,,,,,,,,,
,,,,,,,,,,,,
,,,,,,,,,,,,
,,,,,,,,,,,,
,,,,,,,,,,,,
,,,,,,,,,,,,
,,,,,,,,,,,,
,,,,,,,,,,,,
,,,,,,,,,,,,
,,,,,,,,,,,,
,,,,,,,,,,,,
,,,,,,,,,,,,
,,,,,,,,,,,,
,,,,,,,,,,,,
,,,,,,,,,,,,
,,,,,,,,,,,,
,,,,,,,,,,,,
,,,,,,,,,,,,
,,,,,,,,,,,,
,,,,,,,,,,,,
,,,,,,,,,,,,
,,,,,,,,,,,,
,,,,,,,,,,,,
,,,,,,,,,,,,
,,,,,,,,,,,,
,,,,,,,,,,,,
,,,,,,,,,,,,
,,,,,,,,,,,,
,,,,,,,,,,,,
,,,,,,,,,,,,
,,,,,,,,,,,,
,,,,,,,,,,,,
,,,,,,,,,,,,
,,,,,,,,,,,,
,,,,,,,,,,,,
,,,,,,,,,,,,
,,,,,,,,,,,,
,,,,,,,,,,,,
,,,,,,,,,,,,
,,,,,,,,,,,,
,,,,,,,,,,,,
,,,,,,,,,,,,
,,,,,,,,,,,,
,,,,,,,,,,,,
,,,,,,,,,,,,
,,,,,,,,,,,,
,,,,,,,,,,,,
,,,,,,,,,,,,
,,,,,,,,,,,,
,,,,,,,,,,,,
,,,,,,,,,,,,
,,,,,,,,,,,,
,,,,,,,,,,,,
,,,,,,,,,,,,
,,,,,,,,,,,,
,,,,,,,,,,,,
,,,,,,,,,,,,
,,,,,,,,,,,,
,,,,,,,,,,,,
,,,,,,,,,,,,
,,,,,,,,,,,,
,,,,,,,,,,,,
,,,,,,,,,,,,
,,,,,,,,,,,,
,,,,,,,,,,,,
,,,,,,,,,,,,
,,,,,,,,,,,,
,,,,,,,,,,,,
,,,,,,,,,,,,
,,,,,,,,,,,,
,,,,,,,,,,,,
,,,,,,,,,,,,
,,,,,,,,,,,,
,,,,,,,,,,,,
,,,,,,,,,,,,
,,,,,,,,,,,,
,,,,,,,,,,,,
,,,,,,,,,,,,
,,,,,,,,,,,,
,,,,,,,,,,,,
,,,,,,,,,,,,
,,,,,,,,,,,,
,,,,,,,,,,,,
,,,,,,,,,,,,
,,,,,,,,,,,,
,,,,,,,,,,,,
,,,,,,,,,,,,
,,,,,,,,,,,,
,,,,,,,,,,,,
,,,,,,,,,,,,
,,,,,,,,,,,,
,,,,,,,,,,,,
,,,,,,,,,,,,
,,,,,,,,,,,,
,,,,,,,,,,,,
,,,,,,,,,,,,
,,,,,,,,,,,,
,,,,,,,,,,,,
,,,,,,,,,,,,
,,,,,,,,,,,,
,,,,,,,,,,,,
,,,,,,,,,,,,
,,,,,,,,,,,,
,,,,,,,,,,,,
,,,,,,,,,,,,
,,,,,,,,,,,,
,,,,,,,,,,,,
,,,,,,,,,,,,
,,,,,,,,,,,,
,,,,,,,,,,,,
,,,,,,,,,,,,
,,,,,,,,,,,,
,,,,,,,,,,,,
,,,,,,,,,,,,
,,,,,,,,,,,,
,,,,,,,,,,,,
,,,,,,,,,,,,
,,,,,,,,,,,,
,,,,,,,,,,,,
,,,,,,,,,,,,
,,,,,,,,,,,,
,,,,,,,,,,,,
,,,,,,,,,,,,
,,,,,,,,,,,,
,,,,,,,,,,,,
,,,,,,,,,,,,
,,,,,,,,,,,,
,,,,,,,,,,,,
,,,,,,,,,,,,
,,,,,,,,,,,,
,,,,,,,,,,,,
,,,,,,,,,,,,
,,,,,,,,,,,,
,,,,,,,,,,,,
,,,,,,,,,,,,
,,,,,,,,,,,,
,,,,,,,,,,,,
,,,,,,,,,,,,
,,,,,,,,,,,,
,,,,,,,,,,,,
,,,,,,,,,,,,
,,,,,,,,,,,,
,,,,,,,,,,,,
,,,,,,,,,,,,
,,,,,,,,,,,,
,,,,,,,,,,,,
,,,,,,,,,,,,
,,,,,,,,,,,,
,,,,,,,,,,,,
,,,,,,,,,,,,
,,,,,,,,,,,,
,,,,,,,,,,,,
,,,,,,,,,,,,
,,,,,,,,,,,,
,,,,,,,,,,,,
,,,,,,,,,,,,
,,,,,,,,,,,,
,,,,,,,,,,,,
,,,,,,,,,,,,
,,,,,,,,,,,,
,,,,,,,,,,,,
,,,,,,,,,,,,
,,,,,,,,,,,,
,,,,,,,,,,,,
,,,,,,,,,,,,
,,,,,,,,,,,,
,,,,,,,,,,,,
,,,,,,,,,,,,
,,,,,,,,,,,,
,,,,,,,,,,,,
,,,,,,,,,,,,
,,,,,,,,,,,,
,,,,,,,,,,,,
,,,,,,,,,,,,
,,,,,,,,,,,,
,,,,,,,,,,,,
,,,,,,,,,,,,
,,,,,,,,,,,,
,,,,,,,,,,,,
,,,,,,,,,,,,
,,,,,,,,,,,,
,,,,,,,,,,,,
,,,,,,,,,,,,
,,,,,,,,,,,,
,,,,,,,,,,,,
,,,,,,,,,,,,
,,,,,,,,,,,,
,,,,,,,,,,,,
,,,,,,,,,,,,
,,,,,,,,,,,,
,,,,,,,,,,,,
,,,,,,,,,,,,
,,,,,,,,,,,,
,,,,,,,,,,,,
,,,,,,,,,,,,
,,,,,,,,,,,,
,,,,,,,,,,,,
,,,,,,,,,,,,
,,,,,,,,,,,,
,,,,,,,,,,,,
,,,,,,,,,,,,
,,,,,,,,,,,,
,,,,,,,,,,,,
,,,,,,,,,,,,
,,,,,,,,,,,,
,,,,,,,,,,,,
,,,,,,,,,,,,
,,,,,,,,,,,,
,,,,,,,,,,,,
,,,,,,,,,,,,
,,,,,,,,,,,,
,,,,,,,,,,,,
,,,,,,,,,,,,
,,,,,,,,,,,,
,,,,,,,,,,,,
,,,,,,,,,,,,
,,,,,,,,,,,,
,,,,,,,,,,,,
,,,,,,,,,,,,
,,,,,,,,,,,,
,,,,,,,,,,,,
,,,,,,,,,,,,
,,,,,,,,,,,,
,,,,,,,,,,,,
,,,,,,,,,,,,
,,,,,,,,,,,,
,,,,,,,,,,,,
,,,,,,,,,,,,
,,,,,,,,,,,,
,,,,,,,,,,,,
,,,,,,,,,,,,
,,,,,,,,,,,,
,,,,,,,,,,,,
,,,,,,,,,,,,
,,,,,,,,,,,,
,,,,,,,,,,,,
,,,,,,,,,,,,
,,,,,,,,,,,,
,,,,,,,,,,,,
,,,,,,,,,,,,
,,,,,,,,,,,,
,,,,,,,,,,,,
,,,,,,,,,,,,
,,,,,,,,,,,,
,,,,,,,,,,,,
,,,,,,,,,,,,
,,,,,,,,,,,,
,,,,,,,,,,,,
,,,,,,,,,,,,
,,,,,,,,,,,,
,,,,,,,,,,,,
,,,,,,,,,,,,
,,,,,,,,,,,,
,,,,,,,,,,,,
,,,,,,,,,,,,
,,,,,,,,,,,,
,,,,,,,,,,,,
,,,,,,,,,,,,
,,,,,,,,,,,,
,,,,,,,,,,,,
,,,,,,,,,,,,
,,,,,,,,,,,,
,,,,,,,,,,,,
,,,,,,,,,,,,
,,,,,,,,,,,,
,,,,,,,,,,,,
,,,,,,,,,,,,
,,,,,,,,,,,,
,,,,,,,,,,,,
,,,,,,,,,,,,
,,,,,,,,,,,,
,,,,,,,,,,,,
,,,,,,,,,,,,
,,,,,,,,,,,,
,,,,,,,,,,,,
,,,,,,,,,,,,
,,,,,,,,,,,,
,,,,,,,,,,,,
,,,,,,,,,,,,
,,,,,,,,,,,,
,,,,,,,,,,,,
,,,,,,,,,,,,
,,,,,,,,,,,,
,,,,,,,,,,,,
,,,,,,,,,,,,
,,,,,,,,,,,,
,,,,,,,,,,,,
,,,,,,,,,,,,
,,,,,,,,,,,,
,,,,,,,,,,,,
,,,,,,,,,,,,
,,,,,,,,,,,,
,,,,,,,,,,,,
,,,,,,,,,,,,
,,,,,,,,,,,,
,,,,,,,,,,,,
,,,,,,,,,,,,
,,,,,,,,,,,,
,,,,,,,,,,,,
,,,,,,,,,,,,
,,,,,,,,,,,,
,,,,,,,,,,,,
,,,,,,,,,,,,
,,,,,,,,,,,,
,,,,,,,,,,,,
,,,,,,,,,,,,
,,,,,,,,,,,,
,,,,,,,,,,,,
,,,,,,,,,,,,
,,,,,,,,,,,,
,,,,,,,,,,,,
,,,,,,,,,,,,
,,,,,,,,,,,,
,,,,,,,,,,,,
,,,,,,,,,,,,
,,,,,,,,,,,,
,,,,,,,,,,,,
,,,,,,,,,,,,
,,,,,,,,,,,,
,,,,,,,,,,,,
,,,,,,,,,,,,
,,,,,,,,,,,,
,,,,,,,,,,,,
,,,,,,,,,,,,
,,,,,,,,,,,,
,,,,,,,,,,,,
,,,,,,,,,,,,
,,,,,,,,,,,,
,,,,,,,,,,,,
,,,,,,,,,,,,
,,,,,,,,,,,,
,,,,,,,,,,,,
,,,,,,,,,,,,
,,,,,,,,,,,,
,,,,,,,,,,,,
,,,,,,,,,,,,
,,,,,,,,,,,,
,,,,,,,,,,,,
,,,,,,,,,,,,
,,,,,,,,,,,,
,,,,,,,,,,,,
,,,,,,,,,,,,
,,,,,,,,,,,,
,,,,,,,,,,,,
,,,,,,,,,,,,
,,,,,,,,,,,,
,,,,,,,,,,,,
,,,,,,,,,,,,
,,,,,,,,,,,,
,,,,,,,,,,,,
,,,,,,,,,,,,
,,,,,,,,,,,,
,,,,,,,,,,,,
,,,,,,,,,,,,
,,,,,,,,,,,,
,,,,,,,,,,,,
,,,,,,,,,,,,
,,,,,,,,,,,,
,,,,,,,,,,,,
,,,,,,,,,,,,
,,,,,,,,,,,,
,,,,,,,,,,,,
,,,,,,,,,,,,
,,,,,,,,,,,,
,,,,,,,,,,,,
,,,,,,,,,,,,
,,,,,,,,,,,,
,,,,,,,,,,,,
,,,,,,,,,,,,
,,,,,,,,,,,,
,,,,,,,,,,,,
,,,,,,,,,,,,
,,,,,,,,,,,,
,,,,,,,,,,,,
,,,,,,,,,,,,
,,,,,,,,,,,,
,,,,,,,,,,,,
,,,,,,,,,,,,
,,,,,,,,,,,,
,,,,,,,,,,,,
,,,,,,,,,,,,
,,,,,,,,,,,,
,,,,,,,,,,,,
,,,,,,,,,,,,
,,,,,,,,,,,,
,,,,,,,,,,,,
,,,,,,,,,,,,
,,,,,,,,,,,,
,,,,,,,,,,,,
,,,,,,,,,,,,
,,,,,,,,,,,,
,,,,,,,,,,,,
,,,,,,,,,,,,
,,,,,,,,,,,,
,,,,,,,,,,,,
,,,,,,,,,,,,
,,,,,,,,,,,,
,,,,,,,,,,,,
,,,,,,,,,,,,
,,,,,,,,,,,,
,,,,,,,,,,,,
,,,,,,,,,,,,
,,,,,,,,,,,,
,,,,,,,,,,,,
,,,,,,,,,,,,
,,,,,,,,,,,,
,,,,,,,,,,,,
,,,,,,,,,,,,
,,,,,,,,,,,,
,,,,,,,,,,,,
,,,,,,,,,,,,
,,,,,,,,,,,,
,,,,,,,,,,,,
,,,,,,,,,,,,
,,,,,,,,,,,,
,,,,,,,,,,,,
,,,,,,,,,,,,
,,,,,,,,,,,,
,,,,,,,,,,,,
,,,,,,,,,,,,
,,,,,,,,,,,,
,,,,,,,,,,,,
,,,,,,,,,,,,
,,,,,,,,,,,,
,,,,,,,,,,,,
,,,,,,,,,,,,
,,,,,,,,,,,,
,,,,,,,,,,,,
,,,,,,,,,,,,
,,,,,,,,,,,,
,,,,,,,,,,,,
,,,,,,,,,,,,
,,,,,,,,,,,,
,,,,,,,,,,,,
,,,,,,,,,,,,
,,,,,,,,,,,,
,,,,,,,,,,,,
,,,,,,,,,,,,
,,,,,,,,,,,,
,,,,,,,,,,,,
,,,,,,,,,,,,
,,,,,,,,,,,,
,,,,,,,,,,,,
,,,,,,,,,,,,
,,,,,,,,,,,,
,,,,,,,,,,,,
,,,,,,,,,,,,
,,,,,,,,,,,,
,,,,,,,,,,,,
,,,,,,,,,,,,
,,,,,,,,,,,,
,,,,,,,,,,,,
,,,,,,,,,,,,
,,,,,,,,,,,,
,,,,,,,,,,,,
,,,,,,,,,,,,
,,,,,,,,,,,,
,,,,,,,,,,,,
,,,,,,,,,,,,
,,,,,,,,,,,,
,,,,,,,,,,,,
,,,,,,,,,,,,
,,,,,,,,,,,,
,,,,,,,,,,,,
,,,,,,,,,,,,
,,,,,,,,,,,,
,,,,,,,,,,,,
,,,,,,,,,,,,
,,,,,,,,,,,,
,,,,,,,,,,,,
,,,,,,,,,,,,
,,,,,,,,,,,,
,,,,,,,,,,,,
,,,,,,,,,,,,
,,,,,,,,,,,,
,,,,,,,,,,,,
,,,,,,,,,,,,
,,,,,,,,,,,,
,,,,,,,,,,,,
,,,,,,,,,,,,
,,,,,,,,,,,,
,,,,,,,,,,,,
,,,,,,,,,,,,
,,,,,,,,,,,,
,,,,,,,,,,,,
,,,,,,,,,,,,
,,,,,,,,,,,,
,,,,,,,,,,,,
,,,,,,,,,,,,
,,,,,,,,,,,,
,,,,,,,,,,,,
,,,,,,,,,,,,
,,,,,,,,,,,,
,,,,,,,,,,,,
,,,,,,,,,,,,
,,,,,,,,,,,,
,,,,,,,,,,,,
,,,,,,,,,,,,
,,,,,,,,,,,,
,,,,,,,,,,,,
,,,,,,,,,,,,
,,,,,,,,,,,,
,,,,,,,,,,,,
,,,,,,,,,,,,
,,,,,,,,,,,,
,,,,,,,,,,,,
,,,,,,,,,,,,
,,,,,,,,,,,,
,,,,,,,,,,,,
,,,,,,,,,,,,
,,,,,,,,,,,,
,,,,,,,,,,,,
,,,,,,,,,,,,
,,,,,,,,,,,,
,,,,,,,,,,,,
,,,,,,,,,,,,
,,,,,,,,,,,,
,,,,,,,,,,,,
,,,,,,,,,,,,
,,,,,,,,,,,,
,,,,,,,,,,,,
,,,,,,,,,,,,
,,,,,,,,,,,,
,,,,,,,,,,,,
,,,,,,,,,,,,
,,,,,,,,,,,,
,,,,,,,,,,,,
,,,,,,,,,,,,
,,,,,,,,,,,,
,,,,,,,,,,,,
,,,,,,,,,,,,
,,,,,,,,,,,,
,,,,,,,,,,,,
,,,,,,,,,,,,
,,,,,,,,,,,,
,,,,,,,,,,,,
,,,,,,,,,,,,
,,,,,,,,,,,,
,,,,,,,,,,,,
,,,,,,,,,,,,
,,,,,,,,,,,,
,,,,,,,,,,,,
,,,,,,,,,,,,
,,,,,,,,,,,,
,,,,,,,,,,,,
,,,,,,,,,,,,
,,,,,,,,,,,,
,,,,,,,,,,,,
,,,,,,,,,,,,
,,,,,,,,,,,,
,,,,,,,,,,,,
,,,,,,,,,,,,
,,,,,,,,,,,,
,,,,,,,,,,,,
,,,,,,,,,,,,
,,,,,,,,,,,,
,,,,,,,,,,,,
,,,,,,,,,,,,
,,,,,,,,,,,,
,,,,,,,,,,,,
,,,,,,,,,,,,
,,,,,,,,,,,,
,,,,,,,,,,,,
,,,,,,,,,,,,
,,,,,,,,,,,,
,,,,,,,,,,,,
,,,,,,,,,,,,
,,,,,,,,,,,,
,,,,,,,,,,,,
,,,,,,,,,,,,
,,,,,,,,,,,,
,,,,,,,,,,,,
,,,,,,,,,,,,
,,,,,,,,,,,,
,,,,,,,,,,,,
,,,,,,,,,,,,
,,,,,,,,,,,,
,,,,,,,,,,,,
,,,,,,,,,,,,
,,,,,,,,,,,,
,,,,,,,,,,,,
,,,,,,,,,,,,
,,,,,,,,,,,,
,,,,,,,,,,,,
,,,,,,,,,,,,
,,,,,,,,,,,,
,,,,,,,,,,,,
,,,,,,,,,,,,
,,,,,,,,,,,,
,,,,,,,,,,,,
,,,,,,,,,,,,
,,,,,,,,,,,,
,,,,,,,,,,,,
,,,,,,,,,,,,
,,,,,,,,,,,,
,,,,,,,,,,,,
,,,,,,,,,,,,
,,,,,,,,,,,,
,,,,,,,,,,,,
,,,,,,,,,,,,
,,,,,,,,,,,,
,,,,,,,,,,,,
,,,,,,,,,,,,
,,,,,,,,,,,,
,,,,,,,,,,,,
,,,,,,,,,,,,
,,,,,,,,,,,,
,,,,,,,,,,,,
,,,,,,,,,,,,
,,,,,,,,,,,,
,,,,,,,,,,,,
,,,,,,,,,,,,
,,,,,,,,,,,,
,,,,,,,,,,,,
,,,,,,,,,,,,
,,,,,,,,,,,,
,,,,,,,,,,,,
,,,,,,,,,,,,
,,,,,,,,,,,,
,,,,,,,,,,,,
,,,,,,,,,,,,
,,,,,,,,,,,,
,,,,,,,,,,,,
,,,,,,,,,,,,
,,,,,,,,,,,,
,,,,,,,,,,,,
,,,,,,,,,,,,
,,,,,,,,,,,,
,,,,,,,,,,,,
,,,,,,,,,,,,
,,,,,,,,,,,,
,,,,,,,,,,,,
,,,,,,,,,,,,
,,,,,,,,,,,,
,,,,,,,,,,,,
,,,,,,,,,,,,
,,,,,,,,,,,,
,,,,,,,,,,,,
,,,,,,,,,,,,
,,,,,,,,,,,,
,,,,,,,,,,,,
,,,,,,,,,,,,
,,,,,,,,,,,,
,,,,,,,,,,,,
,,,,,,,,,,,,
,,,,,,,,,,,,
,,,,,,,,,,,,
,,,,,,,,,,,,
,,,,,,,,,,,,
,,,,,,,,,,,,
,,,,,,,,,,,,
,,,,,,,,,,,,
,,,,,,,,,,,,
,,,,,,,,,,,,
,,,,,,,,,,,,
,,,,,,,,,,,,
,,,,,,,,,,,,
,,,,,,,,,,,,
,,,,,,,,,,,,
,,,,,,,,,,,,
,,,,,,,,,,,,
,,,,,,,,,,,,
,,,,,,,,,,,,
,,,,,,,,,,,,
,,,,,,,,,,,,
,,,,,,,,,,,,
,,,,,,,,,,,,
,,,,,,,,,,,,
,,,,,,,,,,,,
,,,,,,,,,,,,
,,,,,,,,,,,,
,,,,,,,,,,,,
,,,,,,,,,,,,
,,,,,,,,,,,,
,,,,,,,,,,,,
,,,,,,,,,,,,
,,,,,,,,,,,,
,,,,,,,,,,,,
,,,,,,,,,,,,
,,,,,,,,,,,,
,,,,,,,,,,,,
,,,,,,,,,,,,
,,,,,,,,,,,,
,,,,,,,,,,,,
,,,,,,,,,,,,
,,,,,,,,,,,,
,,,,,,,,,,,,
,,,,,,,,,,,,
,,,,,,,,,,,,
,,,,,,,,,,,,
,,,,,,,,,,,,
,,,,,,,,,,,,
,,,,,,,,,,,,
,,,,,,,,,,,,
,,,,,,,,,,,,
,,,,,,,,,,,,
,,,,,,,,,,,,
,,,,,,,,,,,,
,,,,,,,,,,,,
,,,,,,,,,,,,
,,,,,,,,,,,,
,,,,,,,,,,,,
,,,,,,,,,,,,
,,,,,,,,,,,,
,,,,,,,,,,,,
,,,,,,,,,,,,
,,,,,,,,,,,,
,,,,,,,,,,,,
,,,,,,,,,,,,
,,,,,,,,,,,,
,,,,,,,,,,,,
,,,,,,,,,,,,
,,,,,,,,,,,,
,,,,,,,,,,,,
,,,,,,,,,,,,
,,,,,,,,,,,,
,,,,,,,,,,,,
,,,,,,,,,,,,
,,,,,,,,,,,,
,,,,,,,,,,,,
,,,,,,,,,,,,
,,,,,,,,,,,,
,,,,,,,,,,,,
,,,,,,,,,,,,
,,,,,,,,,,,,
,,,,,,,,,,,,
,,,,,,,,,,,,
,,,,,,,,,,,,
,,,,,,,,,,,,
,,,,,,,,,,,,
,,,,,,,,,,,,
,,,,,,,,,,,,
,,,,,,,,,,,,
,,,,,,,,,,,,
,,,,,,,,,,,,
,,,,,,,,,,,,
,,,,,,,,,,,,
,,,,,,,,,,,,
,,,,,,,,,,,,
,,,,,,,,,,,,
,,,,,,,,,,,,
,,,,,,,,,,,,
,,,,,,,,,,,,
,,,,,,,,,,,,
,,,,,,,,,,,,
,,,,,,,,,,,,
,,,,,,,,,,,,
,,,,,,,,,,,,
,,,,,,,,,,,,
,,,,,,,,,,,,
,,,,,,,,,,,,
,,,,,,,,,,,,
,,,,,,,,,,,,
,,,,,,,,,,,,
,,,,,,,,,,,,
,,,,,,,,,,,,
,,,,,,,,,,,,
,,,,,,,,,,,,
,,,,,,,,,,,,
,,,,,,,,,,,,
,,,,,,,,,,,,
,,,,,,,,,,,,
,,,,,,,,,,,,
,,,,,,,,,,,,
,,,,,,,,,,,,
,,,,,,,,,,,,
,,,,,,,,,,,,
,,,,,,,,,,,,
,,,,,,,,,,,,
,,,,,,,,,,,,
,,,,,,,,,,,,
,,,,,,,,,,,,
,,,,,,,,,,,,
,,,,,,,,,,,,
,,,,,,,,,,,,
,,,,,,,,,,,,
,,,,,,,,,,,,
,,,,,,,,,,,,
,,,,,,,,,,,,
,,,,,,,,,,,,
,,,,,,,,,,,,
,,,,,,,,,,,,
,,,,,,,,,,,,
,,,,,,,,,,,,
,,,,,,,,,,,,
,,,,,,,,,,,,
,,,,,,,,,,,,
,,,,,,,,,,,,
,,,,,,,,,,,,
,,,,,,,,,,,,
,,,,,,,,,,,,
,,,,,,,,,,,,
,,,,,,,,,,,,
,,,,,,,,,,,,
,,,,,,,,,,,,
,,,,,,,,,,,,
,,,,,,,,,,,,
,,,,,,,,,,,,
,,,,,,,,,,,,
,,,,,,,,,,,,
,,,,,,,,,,,,
,,,,,,,,,,,,
,,,,,,,,,,,,
,,,,,,,,,,,,
,,,,,,,,,,,,
,,,,,,,,,,,,
,,,,,,,,,,,,
,,,,,,,,,,,,
,,,,,,,,,,,,
,,,,,,,,,,,,
,,,,,,,,,,,,
,,,,,,,,,,,,
,,,,,,,,,,,,
,,,,,,,,,,,,
,,,,,,,,,,,,
,,,,,,,,,,,,
,,,,,,,,,,,,
,,,,,,,,,,,,
,,,,,,,,,,,,
,,,,,,,,,,,,
,,,,,,,,,,,,
,,,,,,,,,,,,
,,,,,,,,,,,,
,,,,,,,,,,,,
,,,,,,,,,,,,
,,,,,,,,,,,,
,,,,,,,,,,,,
,,,,,,,,,,,,
,,,,,,,,,,,,
,,,,,,,,,,,,
,,,,,,,,,,,,
,,,,,,,,,,,,
,,,,,,,,,,,,
,,,,,,,,,,,,
,,,,,,,,,,,,
,,,,,,,,,,,,
,,,,,,,,,,,,
,,,,,,,,,,,,
,,,,,,,,,,,,
,,,,,,,,,,,,
,,,,,,,,,,,,
,,,,,,,,,,,,
,,,,,,,,,,,,
,,,,,,,,,,,,
,,,,,,,,,,,,
,,,,,,,,,,,,
,,,,,,,,,,,,
,,,,,,,,,,,,
,,,,,,,,,,,,
,,,,,,,,,,,,
,,,,,,,,,,,,
,,,,,,,,,,,,
,,,,,,,,,,,,
,,,,,,,,,,,,
,,,,,,,,,,,,
,,,,,,,,,,,,
,,,,,,,,,,,,
,,,,,,,,,,,,
,,,,,,,,,,,,
,,,,,,,,,,,,
,,,,,,,,,,,,
,,,,,,,,,,,,
,,,,,,,,,,,,
,,,,,,,,,,,,
,,,,,,,,,,,,
,,,,,,,,,,,,
,,,,,,,,,,,,
,,,,,,,,,,,,
,,,,,,,,,,,,
,,,,,,,,,,,,
,,,,,,,,,,,,
,,,,,,,,,,,,
,,,,,,,,,,,,
,,,,,,,,,,,,
,,,,,,,,,,,,
,,,,,,,,,,,,
,,,,,,,,,,,,
,,,,,,,,,,,,
,,,,,,,,,,,,
,,,,,,,,,,,,
,,,,,,,,,,,,
,,,,,,,,,,,,
,,,,,,,,,,,,
,,,,,,,,,,,,
,,,,,,,,,,,,
,,,,,,,,,,,,
,,,,,,,,,,,,
,,,,,,,,,,,,
,,,,,,,,,,,,
,,,,,,,,,,,,
,,,,,,,,,,,,
,,,,,,,,,,,,
,,,,,,,,,,,,
,,,,,,,,,,,,
,,,,,,,,,,,,
,,,,,,,,,,,,
,,,,,,,,,,,,
,,,,,,,,,,,,
,,,,,,,,,,,,
,,,,,,,,,,,,
,,,,,,,,,,,,
,,,,,,,,,,,,
,,,,,,,,,,,,
,,,,,,,,,,,,
,,,,,,,,,,,,
,,,,,,,,,,,,
,,,,,,,,,,,,
,,,,,,,,,,,,
,,,,,,,,,,,,
,,,,,,,,,,,,
,,,,,,,,,,,,
,,,,,,,,,,,,
,,,,,,,,,,,,
,,,,,,,,,,,,
,,,,,,,,,,,,
,,,,,,,,,,,,
,,,,,,,,,,,,
,,,,,,,,,,,,
,,,,,,,,,,,,
,,,,,,,,,,,,
,,,,,,,,,,,,
,,,,,,,,,,,,
,,,,,,,,,,,,
,,,,,,,,,,,,
,,,,,,,,,,,,
,,,,,,,,,,,,
,,,,,,,,,,,,
,,,,,,,,,,,,
,,,,,,,,,,,,
,,,,,,,,,,,,
,,,,,,,,,,,,
,,,,,,,,,,,,
,,,,,,,,,,,,
,,,,,,,,,,,,
,,,,,,,,,,,,
,,,,,,,,,,,,
,,,,,,,,,,,,
,,,,,,,,,,,,
,,,,,,,,,,,,
,,,,,,,,,,,,
,,,,,,,,,,,,
,,,,,,,,,,,,
,,,,,,,,,,,,
,,,,,,,,,,,,
,,,,,,,,,,,,
,,,,,,,,,,,,
,,,,,,,,,,,,
,,,,,,,,,,,,
,,,,,,,,,,,,
,,,,,,,,,,,,
,,,,,,,,,,,,
,,,,,,,,,,,,
,,,,,,,,,,,,
,,,,,,,,,,,,
,,,,,,,,,,,,
,,,,,,,,,,,,
,,,,,,,,,,,,
,,,,,,,,,,,,
,,,,,,,,,,,,
,,,,,,,,,,,,
,,,,,,,,,,,,
,,,,,,,,,,,,
,,,,,,,,,,,,
,,,,,,,,,,,,
,,,,,,,,,,,,
,,,,,,,,,,,,
,,,,,,,,,,,,
,,,,,,,,,,,,
,,,,,,,,,,,,
,,,,,,,,,,,,
,,,,,,,,,,,,
,,,,,,,,,,,,
,,,,,,,,,,,,
,,,,,,,,,,,,
,,,,,,,,,,,,
,,,,,,,,,,,,
,,,,,,,,,,,,
,,,,,,,,,,,,
,,,,,,,,,,,,
,,,,,,,,,,,,
,,,,,,,,,,,,
,,,,,,,,,,,,
,,,,,,,,,,,,
,,,,,,,,,,,,
,,,,,,,,,,,,
,,,,,,,,,,,,
,,,,,,,,,,,,
,,,,,,,,,,,,
,,,,,,,,,,,,
,,,,,,,,,,,,
,,,,,,,,,,,,
,,,,,,,,,,,,
,,,,,,,,,,,,
,,,,,,,,,,,,
,,,,,,,,,,,,
,,,,,,,,,,,,
,,,,,,,,,,,,
,,,,,,,,,,,,
,,,,,,,,,,,,
,,,,,,,,,,,,
,,,,,,,,,,,,
,,,,,,,,,,,,
,,,,,,,,,,,,
,,,,,,,,,,,,
,,,,,,,,,,,,
,,,,,,,,,,,,
,,,,,,,,,,,,
,,,,,,,,,,,,
,,,,,,,,,,,,
,,,,,,,,,,,,
,,,,,,,,,,,,
,,,,,,,,,,,,
,,,,,,,,,,,,
,,,,,,,,,,,,
,,,,,,,,,,,,
,,,,,,,,,,,,
,,,,,,,,,,,,
,,,,,,,,,,,,
,,,,,,,,,,,,
,,,,,,,,,,,,
,,,,,,,,,,,,
,,,,,,,,,,,,
,,,,,,,,,,,,
,,,,,,,,,,,,
,,,,,,,,,,,,
,,,,,,,,,,,,
,,,,,,,,,,,,
,,,,,,,,,,,,
,,,,,,,,,,,,
,,,,,,,,,,,,
,,,,,,,,,,,,
,,,,,,,,,,,,
,,,,,,,,,,,,
,,,,,,,,,,,,
,,,,,,,,,,,,
,,,,,,,,,,,,
,,,,,,,,,,,,
,,,,,,,,,,,,
,,,,,,,,,,,,
,,,,,,,,,,,,
,,,,,,,,,,,,
,,,,,,,,,,,,
,,,,,,,,,,,,
,,,,,,,,,,,,
,,,,,,,,,,,,
,,,,,,,,,,,,
,,,,,,,,,,,,
,,,,,,,,,,,,
,,,,,,,,,,,,
,,,,,,,,,,,,
,,,,,,,,,,,,
,,,,,,,,,,,,
,,,,,,,,,,,,
,,,,,,,,,,,,
,,,,,,,,,,,,
,,,,,,,,,,,,
,,,,,,,,,,,,
,,,,,,,,,,,,
,,,,,,,,,,,,
,,,,,,,,,,,,
,,,,,,,,,,,,
,,,,,,,,,,,,
,,,,,,,,,,,,
,,,,,,,,,,,,
,,,,,,,,,,,,
,,,,,,,,,,,,
,,,,,,,,,,,,
,,,,,,,,,,,,
,,,,,,,,,,,,
,,,,,,,,,,,,
,,,,,,,,,,,,
,,,,,,,,,,,,
,,,,,,,,,,,,
,,,,,,,,,,,,
,,,,,,,,,,,,
,,,,,,,,,,,,
,,,,,,,,,,,,
,,,,,,,,,,,,
,,,,,,,,,,,,
,,,,,,,,,,,,
,,,,,,,,,,,,
,,,,,,,,,,,,
,,,,,,,,,,,,
,,,,,,,,,,,,
,,,,,,,,,,,,
,,,,,,,,,,,,
,,,,,,,,,,,,
,,,,,,,,,,,,
,,,,,,,,,,,,
,,,,,,,,,,,,
,,,,,,,,,,,,
,,,,,,,,,,,,
,,,,,,,,,,,,
,,,,,,,,,,,,
,,,,,,,,,,,,
,,,,,,,,,,,,
,,,,,,,,,,,,
,,,,,,,,,,,,
,,,,,,,,,,,,
,,,,,,,,,,,,
,,,,,,,,,,,,
,,,,,,,,,,,,
,,,,,,,,,,,,
,,,,,,,,,,,,
,,,,,,,,,,,,
,,,,,,,,,,,,
,,,,,,,,,,,,
,,,,,,,,,,,,
,,,,,,,,,,,,
,,,,,,,,,,,,
,,,,,,,,,,,,
,,,,,,,,,,,,
,,,,,,,,,,,,
,,,,,,,,,,,,
,,,,,,,,,,,,
,,,,,,,,,,,,
,,,,,,,,,,,,
,,,,,,,,,,,,
,,,,,,,,,,,,
,,,,,,,,,,,,
,,,,,,,,,,,,
,,,,,,,,,,,,
,,,,,,,,,,,,
,,,,,,,,,,,,
,,,,,,,,,,,,
,,,,,,,,,,,,
,,,,,,,,,,,,
,,,,,,,,,,,,
,,,,,,,,,,,,
,,,,,,,,,,,,
,,,,,,,,,,,,
,,,,,,,,,,,,
,,,,,,,,,,,,
,,,,,,,,,,,,
,,,,,,,,,,,,
,,,,,,,,,,,,
,,,,,,,,,,,,
,,,,,,,,,,,,
,,,,,,,,,,,,
,,,,,,,,,,,,
,,,,,,,,,,,,
,,,,,,,,,,,,
,,,,,,,,,,,,
,,,,,,,,,,,,
,,,,,,,,,,,,
,,,,,,,,,,,,
,,,,,,,,,,,,
,,,,,,,,,,,,
,,,,,,,,,,,,
,,,,,,,,,,,,
,,,,,,,,,,,,
,,,,,,,,,,,,
,,,,,,,,,,,,
,,,,,,,,,,,,
,,,,,,,,,,,,
,,,,,,,,,,,,
,,,,,,,,,,,,
,,,,,,,,,,,,
,,,,,,,,,,,,
,,,,,,,,,,,,
,,,,,,,,,,,,
,,,,,,,,,,,,
,,,,,,,,,,,,
,,,,,,,,,,,,
,,,,,,,,,,,,
,,,,,,,,,,,,
,,,,,,,,,,,,
,,,,,,,,,,,,
,,,,,,,,,,,,
,,,,,,,,,,,,
,,,,,,,,,,,,
,,,,,,,,,,,,
,,,,,,,,,,,,
,,,,,,,,,,,,
,,,,,,,,,,,,
,,,,,,,,,,,,
,,,,,,,,,,,,
,,,,,,,,,,,,
,,,,,,,,,,,,
,,,,,,,,,,,,
,,,,,,,,,,,,
,,,,,,,,,,,,
,,,,,,,,,,,,
,,,,,,,,,,,,
,,,,,,,,,,,,
,,,,,,,,,,,,
,,,,,,,,,,,,
,,,,,,,,,,,,
,,,,,,,,,,,,
,,,,,,,,,,,,
,,,,,,,,,,,,
,,,,,,,,,,,,
,,,,,,,,,,,,
,,,,,,,,,,,,
,,,,,,,,,,,,
,,,,,,,,,,,,
,,,,,,,,,,,,
,,,,,,,,,,,,
,,,,,,,,,,,,
,,,,,,,,,,,,
,,,,,,,,,,,,
,,,,,,,,,,,,
,,,,,,,,,,,,
,,,,,,,,,,,,
,,,,,,,,,,,,
,,,,,,,,,,,,
,,,,,,,,,,,,
,,,,,,,,,,,,
,,,,,,,,,,,,
,,,,,,,,,,,,
,,,,,,,,,,,,
,,,,,,,,,,,,
,,,,,,,,,,,,
,,,,,,,,,,,,
,,,,,,,,,,,,
,,,,,,,,,,,,
,,,,,,,,,,,,
,,,,,,,,,,,,
,,,,,,,,,,,,
,,,,,,,,,,,,
,,,,,,,,,,,,
,,,,,,,,,,,,
,,,,,,,,,,,,
,,,,,,,,,,,,
,,,,,,,,,,,,
,,,,,,,,,,,,
,,,,,,,,,,,,
,,,,,,,,,,,,
,,,,,,,,,,,,
,,,,,,,,,,,,
,,,,,,,,,,,,
,,,,,,,,,,,,
,,,,,,,,,,,,
,,,,,,,,,,,,
,,,,,,,,,,,,
,,,,,,,,,,,,
,,,,,,,,,,,,
,,,,,,,,,,,,
,,,,,,,,,,,,
,,,,,,,,,,,,
,,,,,,,,,,,,
,,,,,,,,,,,,
,,,,,,,,,,,,
,,,,,,,,,,,,
,,,,,,,,,,,,
,,,,,,,,,,,,
,,,,,,,,,,,,
,,,,,,,,,,,,
,,,,,,,,,,,,
,,,,,,,,,,,,
,,,,,,,,,,,,
,,,,,,,,,,,,
,,,,,,,,,,,,
,,,,,,,,,,,,
,,,,,,,,,,,,
,,,,,,,,,,,,
,,,,,,,,,,,,
,,,,,,,,,,,,
,,,,,,,,,,,,
,,,,,,,,,,,,
,,,,,,,,,,,,
,,,,,,,,,,,,
,,,,,,,,,,,,
,,,,,,,,,,,,
,,,,,,,,,,,,
,,,,,,,,,,,,
,,,,,,,,,,,,
,,,,,,,,,,,,
,,,,,,,,,,,,
,,,,,,,,,,,,
,,,,,,,,,,,,
,,,,,,,,,,,,
,,,,,,,,,,,,
,,,,,,,,,,,,
,,,,,,,,,,,,
,,,,,,,,,,,,
,,,,,,,,,,,,
,,,,,,,,,,,,
,,,,,,,,,,,,
,,,,,,,,,,,,
,,,,,,,,,,,,
,,,,,,,,,,,,
,,,,,,,,,,,,
,,,,,,,,,,,,
,,,,,,,,,,,,
,,,,,,,,,,,,
,,,,,,,,,,,,
,,,,,,,,,,,,
,,,,,,,,,,,,
,,,,,,,,,,,,
,,,,,,,,,,,,
,,,,,,,,,,,,
,,,,,,,,,,,,
,,,,,,,,,,,,
,,,,,,,,,,,,
,,,,,,,,,,,,
,,,,,,,,,,,,
,,,,,,,,,,,,
,,,,,,,,,,,,
,,,,,,,,,,,,
,,,,,,,,,,,,
,,,,,,,,,,,,
,,,,,,,,,,,,
,,,,,,,,,,,,
,,,,,,,,,,,,
,,,,,,,,,,,,
,,,,,,,,,,,,
,,,,,,,,,,,,
,,,,,,,,,,,,
,,,,,,,,,,,,
,,,,,,,,,,,,
,,,,,,,,,,,,
,,,,,,,,,,,,
,,,,,,,,,,,,
,,,,,,,,,,,,
,,,,,,,,,,,,
,,,,,,,,,,,,
,,,,,,,,,,,,
,,,,,,,,,,,,
,,,,,,,,,,,,
,,,,,,,,,,,,
,,,,,,,,,,,,
,,,,,,,,,,,,
,,,,,,,,,,,,
,,,,,,,,,,,,
,,,,,,,,,,,,
,,,,,,,,,,,,
,,,,,,,,,,,,
,,,,,,,,,,,,
,,,,,,,,,,,,
,,,,,,,,,,,,
,,,,,,,,,,,,
,,,,,,,,,,,,
,,,,,,,,,,,,
,,,,,,,,,,,,
,,,,,,,,,,,,
,,,,,,,,,,,,
,,,,,,,,,,,,
,,,,,,,,,,,,
,,,,,,,,,,,,
,,,,,,,,,,,,
,,,,,,,,,,,,
,,,,,,,,,,,,
,,,,,,,,,,,,
,,,,,,,,,,,,
,,,,,,,,,,,,
,,,,,,,,,,,,
,,,,,,,,,,,,
,,,,,,,,,,,,
,,,,,,,,,,,,
,,,,,,,,,,,,
,,,,,,,,,,,,
,,,,,,,,,,,,
,,,,,,,,,,,,
,,,,,,,,,,,,
,,,,,,,,,,,,
,,,,,,,,,,,,
,,,,,,,,,,,,
,,,,,,,,,,,,
,,,,,,,,,,,,
,,,,,,,,,,,,
,,,,,,,,,,,,
,,,,,,,,,,,,
,,,,,,,,,,,,
,,,,,,,,,,,,
,,,,,,,,,,,,
,,,,,,,,,,,,
,,,,,,,,,,,,
,,,,,,,,,,,,
,,,,,,,,,,,,
,,,,,,,,,,,,
,,,,,,,,,,,,
,,,,,,,,,,,,
,,,,,,,,,,,,
,,,,,,,,,,,,
,,,,,,,,,,,,
,,,,,,,,,,,,
,,,,,,,,,,,,
,,,,,,,,,,,,
,,,,,,,,,,,,
,,,,,,,,,,,,
,,,,,,,,,,,,
,,,,,,,,,,,,
,,,,,,,,,,,,
,,,,,,,,,,,,
,,,,,,,,,,,,
,,,,,,,,,,,,
,,,,,,,,,,,,
,,,,,,,,,,,,
,,,,,,,,,,,,
,,,,,,,,,,,,
,,,,,,,,,,,,
,,,,,,,,,,,,
,,,,,,,,,,,,
,,,,,,,,,,,,
,,,,,,,,,,,,
,,,,,,,,,,,,
,,,,,,,,,,,,
,,,,,,,,,,,,
,,,,,,,,,,,,
,,,,,,,,,,,,
,,,,,,,,,,,,
,,,,,,,,,,,,
,,,,,,,,,,,,
,,,,,,,,,,,,
,,,,,,,,,,,,
,,,,,,,,,,,,
,,,,,,,,,,,,
,,,,,,,,,,,,
,,,,,,,,,,,,
,,,,,,,,,,,,
,,,,,,,,,,,,
,,,,,,,,,,,,
,,,,,,,,,,,,
,,,,,,,,,,,,
,,,,,,,,,,,,
,,,,,,,,,,,,
,,,,,,,,,,,,
,,,,,,,,,,,,
,,,,,,,,,,,,
,,,,,,,,,,,,
,,,,,,,,,,,,
,,,,,,,,,,,,
,,,,,,,,,,,,
,,,,,,,,,,,,
,,,,,,,,,,,,
,,,,,,,,,,,,
,,,,,,,,,,,,
,,,,,,,,,,,,
,,,,,,,,,,,,
,,,,,,,,,,,,
,,,,,,,,,,,,
,,,,,,,,,,,,
,,,,,,,,,,,,
,,,,,,,,,,,,
,,,,,,,,,,,,
,,,,,,,,,,,,
,,,,,,,,,,,,
,,,,,,,,,,,,
,,,,,,,,,,,,
,,,,,,,,,,,,
,,,,,,,,,,,,
,,,,,,,,,,,,
,,,,,,,,,,,,
,,,,,,,,,,,,
,,,,,,,,,,,,
,,,,,,,,,,,,
,,,,,,,,,,,,
,,,,,,,,,,,,
,,,,,,,,,,,,
,,,,,,,,,,,,
,,,,,,,,,,,,
,,,,,,,,,,,,
,,,,,,,,,,,,
,,,,,,,,,,,,
,,,,,,,,,,,,
,,,,,,,,,,,,
,,,,,,,,,,,,
,,,,,,,,,,,,
,,,,,,,,,,,,
,,,,,,,,,,,,
,,,,,,,,,,,,
,,,,,,,,,,,,
,,,,,,,,,,,,
,,,,,,,,,,,,
,,,,,,,,,,,,
,,,,,,,,,,,,
,,,,,,,,,,,,
,,,,,,,,,,,,
,,,,,,,,,,,,
,,,,,,,,,,,,
,,,,,,,,,,,,
,,,,,,,,,,,,
,,,,,,,,,,,,
,,,,,,,,,,,,
,,,,,,,,,,,,
,,,,,,,,,,,,
,,,,,,,,,,,,
,,,,,,,,,,,,
,,,,,,,,,,,,
,,,,,,,,,,,,
,,,,,,,,,,,,
,,,,,,,,,,,,
,,,,,,,,,,,,
,,,,,,,,,,,,
,,,,,,,,,,,,
,,,,,,,,,,,,
,,,,,,,,,,,,
,,,,,,,,,,,,
,,,,,,,,,,,,
,,,,,,,,,,,,
,,,,,,,,,,,,
,,,,,,,,,,,,
,,,,,,,,,,,,
,,,,,,,,,,,,
,,,,,,,,,,,,
,,,,,,,,,,,,
,,,,,,,,,,,,
,,,,,,,,,,,,
,,,,,,,,,,,,
,,,,,,,,,,,,
,,,,,,,,,,,,
,,,,,,,,,,,,
,,,,,,,,,,,,
,,,,,,,,,,,,
,,,,,,,,,,,,
,,,,,,,,,,,,
,,,,,,,,,,,,
,,,,,,,,,,,,
,,,,,,,,,,,,
,,,,,,,,,,,,
,,,,,,,,,,,,
,,,,,,,,,,,,
,,,,,,,,,,,,
,,,,,,,,,,,,
,,,,,,,,,,,,
,,,,,,,,,,,,
,,,,,,,,,,,,
,,,,,,,,,,,,
,,,,,,,,,,,,
,,,,,,,,,,,,
,,,,,,,,,,,,
,,,,,,,,,,,,
,,,,,,,,,,,,
,,,,,,,,,,,,
,,,,,,,,,,,,
,,,,,,,,,,,,
,,,,,,,,,,,,
,,,,,,,,,,,,
,,,,,,,,,,,,
,,,,,,,,,,,,
,,,,,,,,,,,,
,,,,,,,,,,,,
,,,,,,,,,,,,
,,,,,,,,,,,,
,,,,,,,,,,,,
,,,,,,,,,,,,
,,,,,,,,,,,,
,,,,,,,,,,,,
,,,,,,,,,,,,
,,,,,,,,,,,,
,,,,,,,,,,,,
,,,,,,,,,,,,
,,,,,,,,,,,,
,,,,,,,,,,,,
,,,,,,,,,,,,
,,,,,,,,,,,,
,,,,,,,,,,,,
,,,,,,,,,,,,
,,,,,,,,,,,,
,,,,,,,,,,,,
,,,,,,,,,,,,
,,,,,,,,,,,,
,,,,,,,,,,,,
,,,,,,,,,,,,
,,,,,,,,,,,,
,,,,,,,,,,,,
,,,,,,,,,,,,
,,,,,,,,,,,,
,,,,,,,,,,,,
,,,,,,,,,,,,
,,,,,,,,,,,,
,,,,,,,,,,,,
,,,,,,,,,,,,
,,,,,,,,,,,,
,,,,,,,,,,,,
,,,,,,,,,,,,
,,,,,,,,,,,,
,,,,,,,,,,,,
,,,,,,,,,,,,
,,,,,,,,,,,,
,,,,,,,,,,,,
,,,,,,,,,,,,
,,,,,,,,,,,,
,,,,,,,,,,,,
,,,,,,,,,,,,
,,,,,,,,,,,,
,,,,,,,,,,,,
,,,,,,,,,,,,
,,,,,,,,,,,,
,,,,,,,,,,,,
,,,,,,,,,,,,
,,,,,,,,,,,,
,,,,,,,,,,,,
,,,,,,,,,,,,
,,,,,,,,,,,,
,,,,,,,,,,,,
,,,,,,,,,,,,
,,,,,,,,,,,,
,,,,,,,,,,,,
,,,,,,,,,,,,
,,,,,,,,,,,,
,,,,,,,,,,,,
,,,,,,,,,,,,
,,,,,,,,,,,,
,,,,,,,,,,,,
,,,,,,,,,,,,
,,,,,,,,,,,,
,,,,,,,,,,,,
,,,,,,,,,,,,
,,,,,,,,,,,,
,,,,,,,,,,,,
,,,,,,,,,,,,
,,,,,,,,,,,,
,,,,,,,,,,,,
,,,,,,,,,,,,
,,,,,,,,,,,,
,,,,,,,,,,,,
,,,,,,,,,,,,
,,,,,,,,,,,,
,,,,,,,,,,,,
,,,,,,,,,,,,
,,,,,,,,,,,,
,,,,,,,,,,,,
,,,,,,,,,,,,
,,,,,,,,,,,,
,,,,,,,,,,,,
,,,,,,,,,,,,
,,,,,,,,,,,,
,,,,,,,,,,,,
,,,,,,,,,,,,
,,,,,,,,,,,,
,,,,,,,,,,,,
,,,,,,,,,,,,
,,,,,,,,,,,,
,,,,,,,,,,,,
,,,,,,,,,,,,
,,,,,,,,,,,,
,,,,,,,,,,,,
,,,,,,,,,,,,
,,,,,,,,,,,,
,,,,,,,,,,,,
,,,,,,,,,,,,
,,,,,,,,,,,,
,,,,,,,,,,,,
,,,,,,,,,,,,
,,,,,,,,,,,,
,,,,,,,,,,,,
,,,,,,,,,,,,
,,,,,,,,,,,,
,,,,,,,,,,,,
,,,,,,,,,,,,
,,,,,,,,,,,,
,,,,,,,,,,,,
,,,,,,,,,,,,
,,,,,,,,,,,,
,,,,,,,,,,,,
,,,,,,,,,,,,
,,,,,,,,,,,,
,,,,,,,,,,,,
,,,,,,,,,,,,
,,,,,,,,,,,,
,,,,,,,,,,,,
,,,,,,,,,,,,
,,,,,,,,,,,,
,,,,,,,,,,,,
,,,,,,,,,,,,
,,,,,,,,,,,,
,,,,,,,,,,,,
,,,,,,,,,,,,
,,,,,,,,,,,,
,,,,,,,,,,,,
,,,,,,,,,,,,
,,,,,,,,,,,,
,,,,,,,,,,,,
,,,,,,,,,,,,
,,,,,,,,,,,,
,,,,,,,,,,,,
,,,,,,,,,,,,
,,,,,,,,,,,,
,,,,,,,,,,,,
,,,,,,,,,,,,
,,,,,,,,,,,,
,,,,,,,,,,,,
,,,,,,,,,,,,
,,,,,,,,,,,,
,,,,,,,,,,,,
,,,,,,,,,,,,
,,,,,,,,,,,,
,,,,,,,,,,,,
,,,,,,,,,,,,
,,,,,,,,,,,,
,,,,,,,,,,,,
,,,,,,,,,,,,
,,,,,,,,,,,,
,,,,,,,,,,,,
,,,,,,,,,,,,
,,,,,,,,,,,,
,,,,,,,,,,,,
,,,,,,,,,,,,
,,,,,,,,,,,,
,,,,,,,,,,,,
,,,,,,,,,,,,
,,,,,,,,,,,,
,,,,,,,,,,,,
,,,,,,,,,,,,
,,,,,,,,,,,,
,,,,,,,,,,,,
,,,,,,,,,,,,
,,,,,,,,,,,,
,,,,,,,,,,,,
,,,,,,,,,,,,
,,,,,,,,,,,,
,,,,,,,,,,,,
,,,,,,,,,,,,
,,,,,,,,,,,,
,,,,,,,,,,,,
,,,,,,,,,,,,
,,,,,,,,,,,,
,,,,,,,,,,,,
,,,,,,,,,,,,
,,,,,,,,,,,,
,,,,,,,,,,,,
,,,,,,,,,,,,
,,,,,,,,,,,,
,,,,,,,,,,,,
,,,,,,,,,,,,
,,,,,,,,,,,,
,,,,,,,,,,,,
,,,,,,,,,,,,
,,,,,,,,,,,,
,,,,,,,,,,,,
,,,,,,,,,,,,
,,,,,,,,,,,,
,,,,,,,,,,,,
,,,,,,,,,,,,
,,,,,,,,,,,,
,,,,,,,,,,,,
,,,,,,,,,,,,
,,,,,,,,,,,,
,,,,,,,,,,,,
,,,,,,,,,,,,
,,,,,,,,,,,,
,,,,,,,,,,,,
,,,,,,,,,,,,
,,,,,,,,,,,,
,,,,,,,,,,,,
,,,,,,,,,,,,
,,,,,,,,,,,,
,,,,,,,,,,,,
,,,,,,,,,,,,
,,,,,,,,,,,,
,,,,,,,,,,,,
,,,,,,,,,,,,
,,,,,,,,,,,,
,,,,,,,,,,,,
,,,,,,,,,,,,
,,,,,,,,,,,,
,,,,,,,,,,,,
,,,,,,,,,,,,
,,,,,,,,,,,,
,,,,,,,,,,,,
,,,,,,,,,,,,
,,,,,,,,,,,,
,,,,,,,,,,,,
,,,,,,,,,,,,
,,,,,,,,,,,,
,,,,,,,,,,,,
,,,,,,,,,,,,
,,,,,,,,,,,,
,,,,,,,,,,,,
,,,,,,,,,,,,
,,,,,,,,,,,,
,,,,,,,,,,,,
,,,,,,,,,,,,
,,,,,,,,,,,,
,,,,,,,,,,,,
,,,,,,,,,,,,
,,,,,,,,,,,,
,,,,,,,,,,,,
,,,,,,,,,,,,
,,,,,,,,,,,,
,,,,,,,,,,,,
,,,,,,,,,,,,
,,,,,,,,,,,,
,,,,,,,,,,,,
,,,,,,,,,,,,
,,,,,,,,,,,,
,,,,,,,,,,,,
,,,,,,,,,,,,
,,,,,,,,,,,,
,,,,,,,,,,,,
,,,,,,,,,,,,
,,,,,,,,,,,,
,,,,,,,,,,,,
,,,,,,,,,,,,
,,,,,,,,,,,,
,,,,,,,,,,,,
,,,,,,,,,,,,
,,,,,,,,,,,,
,,,,,,,,,,,,
,,,,,,,,,,,,
,,,,,,,,,,,,
,,,,,,,,,,,,
,,,,,,,,,,,,
,,,,,,,,,,,,
,,,,,,,,,,,,
,,,,,,,,,,,,
,,,,,,,,,,,,
,,,,,,,,,,,,
,,,,,,,,,,,,
,,,,,,,,,,,,
,,,,,,,,,,,,
,,,,,,,,,,,,
,,,,,,,,,,,,
,,,,,,,,,,,,
,,,,,,,,,,,,
,,,,,,,,,,,,
,,,,,,,,,,,,
,,,,,,,,,,,,
,,,,,,,,,,,,
,,,,,,,,,,,,
,,,,,,,,,,,,
,,,,,,,,,,,,
,,,,,,,,,,,,
,,,,,,,,,,,,
,,,,,,,,,,,,
,,,,,,,,,,,,
,,,,,,,,,,,,
,,,,,,,,,,,,
,,,,,,,,,,,,
,,,,,,,,,,,,
,,,,,,,,,,,,
,,,,,,,,,,,,
,,,,,,,,,,,,
,,,,,,,,,,,,
,,,,,,,,,,,,
,,,,,,,,,,,,
,,,,,,,,,,,,
,,,,,,,,,,,,
,,,,,,,,,,,,
,,,,,,,,,,,,
,,,,,,,,,,,,
,,,,,,,,,,,,
,,,,,,,,,,,,
,,,,,,,,,,,,
,,,,,,,,,,,,
,,,,,,,,,,,,
,,,,,,,,,,,,
,,,,,,,,,,,,
,,,,,,,,,,,,
,,,,,,,,,,,,
,,,,,,,,,,,,
,,,,,,,,,,,,
,,,,,,,,,,,,
,,,,,,,,,,,,
,,,,,,,,,,,,
,,,,,,,,,,,,
,,,,,,,,,,,,
,,,,,,,,,,,,
,,,,,,,,,,,,
,,,,,,,,,,,,
,,,,,,,,,,,,
,,,,,,,,,,,,
,,,,,,,,,,,,
,,,,,,,,,,,,
,,,,,,,,,,,,
,,,,,,,,,,,,
,,,,,,,,,,,,
,,,,,,,,,,,,
,,,,,,,,,,,,
,,,,,,,,,,,,
,,,,,,,,,,,,
,,,,,,,,,,,,
,,,,,,,,,,,,
,,,,,,,,,,,,
,,,,,,,,,,,,
,,,,,,,,,,,,
,,,,,,,,,,,,
,,,,,,,,,,,,
,,,,,,,,,,,,
,,,,,,,,,,,,
,,,,,,,,,,,,
,,,,,,,,,,,,
,,,,,,,,,,,,
,,,,,,,,,,,,
,,,,,,,,,,,,
,,,,,,,,,,,,
,,,,,,,,,,,,
,,,,,,,,,,,,
,,,,,,,,,,,,
,,,,,,,,,,,,
,,,,,,,,,,,,
,,,,,,,,,,,,
,,,,,,,,,,,,
,,,,,,,,,,,,
,,,,,,,,,,,,
,,,,,,,,,,,,
,,,,,,,,,,,,
,,,,,,,,,,,,
,,,,,,,,,,,,
,,,,,,,,,,,,
,,,,,,,,,,,,
,,,,,,,,,,,,
,,,,,,,,,,,,
,,,,,,,,,,,,
,,,,,,,,,,,,
,,,,,,,,,,,,
,,,,,,,,,,,,
,,,,,,,,,,,,
,,,,,,,,,,,,
,,,,,,,,,,,,
,,,,,,,,,,,,
,,,,,,,,,,,,
,,,,,,,,,,,,
,,,,,,,,,,,,
,,,,,,,,,,,,
,,,,,,,,,,,,
,,,,,,,,,,,,
,,,,,,,,,,,,
,,,,,,,,,,,,
,,,,,,,,,,,,
,,,,,,,,,,,,
,,,,,,,,,,,,
,,,,,,,,,,,,
,,,,,,,,,,,,
,,,,,,,,,,,,
,,,,,,,,,,,,
,,,,,,,,,,,,
,,,,,,,,,,,,
,,,,,,,,,,,,
,,,,,,,,,,,,
,,,,,,,,,,,,
,,,,,,,,,,,,
,,,,,,,,,,,,
,,,,,,,,,,,,
,,,,,,,,,,,,
,,,,,,,,,,,,
,,,,,,,,,,,,
,,,,,,,,,,,,
,,,,,,,,,,,,
,,,,,,,,,,,,
,,,,,,,,,,,,
,,,,,,,,,,,,
,,,,,,,,,,,,
,,,,,,,,,,,,
,,,,,,,,,,,,
,,,,,,,,,,,,
,,,,,,,,,,,,
,,,,,,,,,,,,
,,,,,,,,,,,,
,,,,,,,,,,,,
,,,,,,,,,,,,
,,,,,,,,,,,,
,,,,,,,,,,,,
,,,,,,,,,,,,
,,,,,,,,,,,,
,,,,,,,,,,,,
,,,,,,,,,,,,
,,,,,,,,,,,,
,,,,,,,,,,,,
,,,,,,,,,,,,
,,,,,,,,,,,,
,,,,,,,,,,,,
,,,,,,,,,,,,
,,,,,,,,,,,,
,,,,,,,,,,,,
,,,,,,,,,,,,
,,,,,,,,,,,,
,,,,,,,,,,,,
,,,,,,,,,,,,
,,,,,,,,,,,,
,,,,,,,,,,,,
,,,,,,,,,,,,
,,,,,,,,,,,,
,,,,,,,,,,,,
,,,,,,,,,,,,
,,,,,,,,,,,,
,,,,,,,,,,,,
,,,,,,,,,,,,
,,,,,,,,,,,,
,,,,,,,,,,,,
,,,,,,,,,,,,
,,,,,,,,,,,,
,,,,,,,,,,,,
,,,,,,,,,,,,
,,,,,,,,,,,,
,,,,,,,,,,,,
,,,,,,,,,,,,
,,,,,,,,,,,,
,,,,,,,,,,,,
,,,,,,,,,,,,
,,,,,,,,,,,,
,,,,,,,,,,,,
,,,,,,,,,,,,
,,,,,,,,,,,,
,,,,,,,,,,,,
,,,,,,,,,,,,
,,,,,,,,,,,,
,,,,,,,,,,,,
,,,,,,,,,,,,
,,,,,,,,,,,,
,,,,,,,,,,,,
,,,,,,,,,,,,
,,,,,,,,,,,,
,,,,,,,,,,,,
,,,,,,,,,,,,
,,,,,,,,,,,,
,,,,,,,,,,,,
,,,,,,,,,,,,
,,,,,,,,,,,,
,,,,,,,,,,,,
,,,,,,,,,,,,
,,,,,,,,,,,,
,,,,,,,,,,,,
,,,,,,,,,,,,
,,,,,,,,,,,,
,,,,,,,,,,,,
,,,,,,,,,,,,
,,,,,,,,,,,,
,,,,,,,,,,,,
,,,,,,,,,,,,
,,,,,,,,,,,,
,,,,,,,,,,,,
,,,,,,,,,,,,
,,,,,,,,,,,,
,,,,,,,,,,,,
,,,,,,,,,,,,
,,,,,,,,,,,,
,,,,,,,,,,,,
,,,,,,,,,,,,
,,,,,,,,,,,,
,,,,,,,,,,,,
,,,,,,,,,,,,
,,,,,,,,,,,,
,,,,,,,,,,,,
,,,,,,,,,,,,
,,,,,,,,,,,,
,,,,,,,,,,,,
,,,,,,,,,,,,
,,,,,,,,,,,,
,,,,,,,,,,,,
,,,,,,,,,,,,
,,,,,,,,,,,,
,,,,,,,,,,,,
,,,,,,,,,,,,
,,,,,,,,,,,,
,,,,,,,,,,,,
,,,,,,,,,,,,
,,,,,,,,,,,,
,,,,,,,,,,,,
,,,,,,,,,,,,
,,,,,,,,,,,,
,,,,,,,,,,,,
,,,,,,,,,,,,
,,,,,,,,,,,,
,,,,,,,,,,,,
,,,,,,,,,,,,
,,,,,,,,,,,,
,,,,,,,,,,,,
,,,,,,,,,,,,
,,,,,,,,,,,,
,,,,,,,,,,,,
,,,,,,,,,,,,
,,,,,,,,,,,,
,,,,,,,,,,,,
,,,,,,,,,,,,
,,,,,,,,,,,,
,,,,,,,,,,,,
,,,,,,,,,,,,
,,,,,,,,,,,,
,,,,,,,,,,,,
,,,,,,,,,,,,
,,,,,,,,,,,,
,,,,,,,,,,,,
,,,,,,,,,,,,
,,,,,,,,,,,,
,,,,,,,,,,,,
,,,,,,,,,,,,
,,,,,,,,,,,,
,,,,,,,,,,,,
,,,,,,,,,,,,
,,,,,,,,,,,,
,,,,,,,,,,,,
,,,,,,,,,,,,
,,,,,,,,,,,,
,,,,,,,,,,,,
,,,,,,,,,,,,
,,,,,,,,,,,,
,,,,,,,,,,,,
,,,,,,,,,,,,
,,,,,,,,,,,,
,,,,,,,,,,,,
,,,,,,,,,,,,
,,,,,,,,,,,,
,,,,,,,,,,,,
,,,,,,,,,,,,
,,,,,,,,,,,,
,,,,,,,,,,,,
,,,,,,,,,,,,
,,,,,,,,,,,,
,,,,,,,,,,,,
,,,,,,,,,,,,
,,,,,,,,,,,,
,,,,,,,,,,,,
,,,,,,,,,,,,
,,,,,,,,,,,,
,,,,,,,,,,,,
,,,,,,,,,,,,
,,,,,,,,,,,,
,,,,,,,,,,,,
,,,,,,,,,,,,
,,,,,,,,,,,,
,,,,,,,,,,,,
,,,,,,,,,,,,
,,,,,,,,,,,,
,,,,,,,,,,,,
,,,,,,,,,,,,
,,,,,,,,,,,,
,,,,,,,,,,,,
,,,,,,,,,,,,
,,,,,,,,,,,,
,,,,,,,,,,,,
,,,,,,,,,,,,
,,,,,,,,,,,,
,,,,,,,,,,,,
,,,,,,,,,,,,
,,,,,,,,,,,,
,,,,,,,,,,,,
,,,,,,,,,,,,
,,,,,,,,,,,,
,,,,,,,,,,,,
,,,,,,,,,,,,
,,,,,,,,,,,,
,,,,,,,,,,,,
,,,,,,,,,,,,
,,,,,,,,,,,,
,,,,,,,,,,,,
,,,,,,,,,,,,
,,,,,,,,,,,,
,,,,,,,,,,,,
,,,,,,,,,,,,
,,,,,,,,,,,,
,,,,,,,,,,,,
,,,,,,,,,,,,
,,,,,,,,,,,,
,,,,,,,,,,,,
,,,,,,,,,,,,
,,,,,,,,,,,,
,,,,,,,,,,,,
,,,,,,,,,,,,
,,,,,,,,,,,,
,,,,,,,,,,,,
,,,,,,,,,,,,
,,,,,,,,,,,,
,,,,,,,,,,,,
,,,,,,,,,,,,
,,,,,,,,,,,,
,,,,,,,,,,,,
,,,,,,,,,,,,
,,,,,,,,,,,,
,,,,,,,,,,,,
,,,,,,,,,,,,
,,,,,,,,,,,,
,,,,,,,,,,,,
,,,,,,,,,,,,
,,,,,,,,,,,,
,,,,,,,,,,,,
,,,,,,,,,,,,
,,,,,,,,,,,,
,,,,,,,,,,,,
,,,,,,,,,,,,
,,,,,,,,,,,,
,,,,,,,,,,,,
,,,,,,,,,,,,
,,,,,,,,,,,,
,,,,,,,,,,,,
,,,,,,,,,,,,
,,,,,,,,,,,,
,,,,,,,,,,,,
,,,,,,,,,,,,
,,,,,,,,,,,,
,,,,,,,,,,,,
,,,,,,,,,,,,
,,,,,,,,,,,,
,,,,,,,,,,,,
,,,,,,,,,,,,
,,,,,,,,,,,,
,,,,,,,,,,,,
,,,,,,,,,,,,
,,,,,,,,,,,,
,,,,,,,,,,,,
,,,,,,,,,,,,
,,,,,,,,,,,,
,,,,,,,,,,,,
,,,,,,,,,,,,
,,,,,,,,,,,,
,,,,,,,,,,,,
,,,,,,,,,,,,
,,,,,,,,,,,,
,,,,,,,,,,,,
,,,,,,,,,,,,
,,,,,,,,,,,,
,,,,,,,,,,,,
,,,,,,,,,,,,
,,,,,,,,,,,,
,,,,,,,,,,,,
,,,,,,,,,,,,
,,,,,,,,,,,,
,,,,,,,,,,,,
,,,,,,,,,,,,
,,,,,,,,,,,,
,,,,,,,,,,,,
,,,,,,,,,,,,
,,,,,,,,,,,,
,,,,,,,,,,,,
,,,,,,,,,,,,
,,,,,,,,,,,,
,,,,,,,,,,,,
,,,,,,,,,,,,
,,,,,,,,,,,,
,,,,,,,,,,,,
,,,,,,,,,,,,
,,,,,,,,,,,,
,,,,,,,,,,,,
,,,,,,,,,,,,
,,,,,,,,,,,,
,,,,,,,,,,,,
,,,,,,,,,,,,
,,,,,,,,,,,,
,,,,,,,,,,,,
,,,,,,,,,,,,
,,,,,,,,,,,,
,,,,,,,,,,,,
,,,,,,,,,,,,
,,,,,,,,,,,,
,,,,,,,,,,,,
,,,,,,,,,,,,
,,,,,,,,,,,,
,,,,,,,,,,,,
,,,,,,,,,,,,
,,,,,,,,,,,,
,,,,,,,,,,,,
,,,,,,,,,,,,
,,,,,,,,,,,,
,,,,,,,,,,,,
,,,,,,,,,,,,
,,,,,,,,,,,,
,,,,,,,,,,,,
,,,,,,,,,,,,
,,,,,,,,,,,,
,,,,,,,,,,,,
,,,,,,,,,,,,
,,,,,,,,,,,,
,,,,,,,,,,,,
,,,,,,,,,,,,
,,,,,,,,,,,,
,,,,,,,,,,,,
,,,,,,,,,,,,
,,,,,,,,,,,,
,,,,,,,,,,,,
,,,,,,,,,,,,
,,,,,,,,,,,,
,,,,,,,,,,,,
,,,,,,,,,,,,
,,,,,,,,,,,,
,,,,,,,,,,,,
,,,,,,,,,,,,
,,,,,,,,,,,,
,,,,,,,,,,,,
,,,,,,,,,,,,
,,,,,,,,,,,,
,,,,,,,,,,,,
,,,,,,,,,,,,
,,,,,,,,,,,,
,,,,,,,,,,,,
,,,,,,,,,,,,
,,,,,,,,,,,,
,,,,,,,,,,,,
,,,,,,,,,,,,
,,,,,,,,,,,,
,,,,,,,,,,,,
,,,,,,,,,,,,
,,,,,,,,,,,,
,,,,,,,,,,,,
,,,,,,,,,,,,
,,,,,,,,,,,,
,,,,,,,,,,,,
,,,,,,,,,,,,
,,,,,,,,,,,,
,,,,,,,,,,,,
,,,,,,,,,,,,
,,,,,,,,,,,,
,,,,,,,,,,,,
,,,,,,,,,,,,
,,,,,,,,,,,,
,,,,,,,,,,,,
,,,,,,,,,,,,
,,,,,,,,,,,,
,,,,,,,,,,,,
,,,,,,,,,,,,
,,,,,,,,,,,,
,,,,,,,,,,,,
,,,,,,,,,,,,
,,,,,,,,,,,,
,,,,,,,,,,,,
,,,,,,,,,,,,
,,,,,,,,,,,,
,,,,,,,,,,,,
,,,,,,,,,,,,
,,,,,,,,,,,,
,,,,,,,,,,,,
,,,,,,,,,,,,
,,,,,,,,,,,,
,,,,,,,,,,,,
,,,,,,,,,,,,
,,,,,,,,,,,,
,,,,,,,,,,,,
,,,,,,,,,,,,
,,,,,,,,,,,,
,,,,,,,,,,,,
,,,,,,,,,,,,
,,,,,,,,,,,,
,,,,,,,,,,,,
,,,,,,,,,,,,
,,,,,,,,,,,,
,,,,,,,,,,,,
,,,,,,,,,,,,
,,,,,,,,,,,,
,,,,,,,,,,,,
,,,,,,,,,,,,
,,,,,,,,,,,,
,,,,,,,,,,,,
,,,,,,,,,,,,
,,,,,,,,,,,,
,,,,,,,,,,,,
,,,,,,,,,,,,
,,,,,,,,,,,,
,,,,,,,,,,,,
,,,,,,,,,,,,
,,,,,,,,,,,,
,,,,,,,,,,,,
,,,,,,,,,,,,
,,,,,,,,,,,,
,,,,,,,,,,,,
,,,,,,,,,,,,
,,,,,,,,,,,,
,,,,,,,,,,,,
,,,,,,,,,,,,
,,,,,,,,,,,,
,,,,,,,,,,,,
,,,,,,,,,,,,
,,,,,,,,,,,,
,,,,,,,,,,,,
,,,,,,,,,,,,
,,,,,,,,,,,,
,,,,,,,,,,,,
,,,,,,,,,,,,
,,,,,,,,,,,,
,,,,,,,,,,,,
,,,,,,,,,,,,
,,,,,,,,,,,,
,,,,,,,,,,,,
,,,,,,,,,,,,
,,,,,,,,,,,,
,,,,,,,,,,,,
,,,,,,,,,,,,
,,,,,,,,,,,,
,,,,,,,,,,,,
,,,,,,,,,,,,
,,,,,,,,,,,,
,,,,,,,,,,,,
,,,,,,,,,,,,
,,,,,,,,,,,,
,,,,,,,,,,,,
,,,,,,,,,,,,
,,,,,,,,,,,,
,,,,,,,,,,,,
,,,,,,,,,,,,
,,,,,,,,,,,,
,,,,,,,,,,,,
,,,,,,,,,,,,
,,,,,,,,,,,,
,,,,,,,,,,,,
,,,,,,,,,,,,
,,,,,,,,,,,,
,,,,,,,,,,,,
,,,,,,,,,,,,
,,,,,,,,,,,,
,,,,,,,,,,,,
,,,,,,,,,,,,
,,,,,,,,,,,,
,,,,,,,,,,,,
,,,,,,,,,,,,
,,,,,,,,,,,,
,,,,,,,,,,,,
,,,,,,,,,,,,
,,,,,,,,,,,,
,,,,,,,,,,,,
,,,,,,,,,,,,
,,,,,,,,,,,,
,,,,,,,,,,,,
,,,,,,,,,,,,
,,,,,,,,,,,,
,,,,,,,,,,,,
,,,,,,,,,,,,
,,,,,,,,,,,,
,,,,,,,,,,,,
,,,,,,,,,,,,
,,,,,,,,,,,,
,,,,,,,,,,,,
,,,,,,,,,,,,
,,,,,,,,,,,,
,,,,,,,,,,,,
,,,,,,,,,,,,
,,,,,,,,,,,,
,,,,,,,,,,,,
,,,,,,,,,,,,
,,,,,,,,,,,,
,,,,,,,,,,,,
,,,,,,,,,,,,
,,,,,,,,,,,,
,,,,,,,,,,,,
,,,,,,,,,,,,
,,,,,,,,,,,,
,,,,,,,,,,,,
,,,,,,,,,,,,
,,,,,,,,,,,,
,,,,,,,,,,,,
,,,,,,,,,,,,
,,,,,,,,,,,,
,,,,,,,,,,,,
,,,,,,,,,,,,
,,,,,,,,,,,,
,,,,,,,,,,,,
,,,,,,,,,,,,
,,,,,,,,,,,,
,,,,,,,,,,,,
,,,,,,,,,,,,
,,,,,,,,,,,,
,,,,,,,,,,,,
,,,,,,,,,,,,
,,,,,,,,,,,,
,,,,,,,,,,,,
,,,,,,,,,,,,
,,,,,,,,,,,,
,,,,,,,,,,,,
,,,,,,,,,,,,
,,,,,,,,,,,,
,,,,,,,,,,,,
,,,,,,,,,,,,
,,,,,,,,,,,,
,,,,,,,,,,,,
,,,,,,,,,,,,
,,,,,,,,,,,,
,,,,,,,,,,,,
,,,,,,,,,,,,
,,,,,,,,,,,,
,,,,,,,,,,,,
,,,,,,,,,,,,
,,,,,,,,,,,,
,,,,,,,,,,,,
,,,,,,,,,,,,
,,,,,,,,,,,,
,,,,,,,,,,,,
,,,,,,,,,,,,
,,,,,,,,,,,,
,,,,,,,,,,,,
,,,,,,,,,,,,
,,,,,,,,,,,,
,,,,,,,,,,,,
,,,,,,,,,,,,
,,,,,,,,,,,,
,,,,,,,,,,,,
,,,,,,,,,,,,
,,,,,,,,,,,,
,,,,,,,,,,,,
,,,,,,,,,,,,
,,,,,,,,,,,,
,,,,,,,,,,,,
,,,,,,,,,,,,
,,,,,,,,,,,,
,,,,,,,,,,,,
,,,,,,,,,,,,
,,,,,,,,,,,,
,,,,,,,,,,,,
,,,,,,,,,,,,
,,,,,,,,,,,,
,,,,,,,,,,,,
,,,,,,,,,,,,
,,,,,,,,,,,,
,,,,,,,,,,,,
,,,,,,,,,,,,
,,,,,,,,,,,,
,,,,,,,,,,,,
,,,,,,,,,,,,
,,,,,,,,,,,,
,,,,,,,,,,,,
,,,,,,,,,,,,
,,,,,,,,,,,,
,,,,,,,,,,,,
,,,,,,,,,,,,
,,,,,,,,,,,,
,,,,,,,,,,,,
,,,,,,,,,,,,
,,,,,,,,,,,,
,,,,,,,,,,,,
,,,,,,,,,,,,
,,,,,,,,,,,,
,,,,,,,,,,,,
,,,,,,,,,,,,
,,,,,,,,,,,,
,,,,,,,,,,,,
,,,,,,,,,,,,
,,,,,,,,,,,,
,,,,,,,,,,,,
,,,,,,,,,,,,
,,,,,,,,,,,,
,,,,,,,,,,,,
,,,,,,,,,,,,
,,,,,,,,,,,,
,,,,,,,,,,,,
,,,,,,,,,,,,
,,,,,,,,,,,,
,,,,,,,,,,,,
,,,,,,,,,,,,
,,,,,,,,,,,,
,,,,,,,,,,,,
,,,,,,,,,,,,
,,,,,,,,,,,,
,,,,,,,,,,,,
,,,,,,,,,,,,
,,,,,,,,,,,,
,,,,,,,,,,,,
,,,,,,,,,,,,
,,,,,,,,,,,,
,,,,,,,,,,,,
,,,,,,,,,,,,
,,,,,,,,,,,,
,,,,,,,,,,,,
,,,,,,,,,,,,
,,,,,,,,,,,,
,,,,,,,,,,,,
,,,,,,,,,,,,
,,,,,,,,,,,,
,,,,,,,,,,,,
,,,,,,,,,,,,
,,,,,,,,,,,,
,,,,,,,,,,,,
,,,,,,,,,,,,
,,,,,,,,,,,,
,,,,,,,,,,,,
,,,,,,,,,,,,
,,,,,,,,,,,,
,,,,,,,,,,,,
,,,,,,,,,,,,
,,,,,,,,,,,,
,,,,,,,,,,,,
,,,,,,,,,,,,
,,,,,,,,,,,,
,,,,,,,,,,,,
,,,,,,,,,,,,
,,,,,,,,,,,,
,,,,,,,,,,,,
,,,,,,,,,,,,
,,,,,,,,,,,,
,,,,,,,,,,,,
,,,,,,,,,,,,
,,,,,,,,,,,,
,,,,,,,,,,,,
,,,,,,,,,,,,
,,,,,,,,,,,,
,,,,,,,,,,,,
,,,,,,,,,,,,
,,,,,,,,,,,,
,,,,,,,,,,,,
,,,,,,,,,,,,
